1,1,1989,44.650639
1,1,1991,44.127056
1,1,1993,47.159046
1,1,1994,49.802025
1,1,1995,44.935852
1,1,1997,46.695274
1,1,1998,43.955959
1,1,1999,42.610085
1,1,2000,41.212311
1,1,2001,41.076141
1,1,2002,39.050316
1,1,2003,37.519817
1,1,2004,35.879036
1,1,2005,34.967968
1,1,2006,33.289845
1,1,2007,31.816732
1,1,2008,30.064018
1,1,2009,28.972523
1,1,2010,26.792744
1,1,2011,25.922543
1,1,2012,23.563389
1,1,2013,24.28443
1,1,2014,22.895836
1,1,2015,20.980896
1,1,2016,20.067352
1,2,1989,30.581482
1,2,1991,31.15881
1,2,1993,22.469191
1,2,1994,23.072365
1,2,1995,24.315445
1,2,1997,24.30127
1,2,1998,25.420708
1,2,1999,26.693399
1,2,2000,27.475746
1,2,2001,28.977322
1,2,2002,30.759785
1,2,2003,31.314152
1,2,2004,30.82308
1,2,2005,31.691153
1,2,2006,33.022213
1,2,2007,33.73671
1,2,2008,36.149986
1,2,2009,36.881355
1,2,2010,37.604309
1,2,2011,38.342072
1,2,2012,41.282364
1,2,2013,39.539928
1,2,2014,41.901855
1,2,2015,42.888756
1,2,2016,43.7439
1,5,1989,24.767881
1,5,1991,24.714134
1,5,1993,30.371763
1,5,1994,27.12561
1,5,1995,30.748701
1,5,1997,29.003454
1,5,1998,30.623333
1,5,1999,30.696516
1,5,2000,31.311945
1,5,2001,29.946537
1,5,2002,30.189898
1,5,2003,31.166031
1,5,2004,33.297886
1,5,2005,33.340881
1,5,2006,33.687943
1,5,2007,34.44656
1,5,2008,33.785992
1,5,2009,34.146122
1,5,2010,35.602947
1,5,2011,35.735386
1,5,2012,35.154247
1,5,2013,36.17564
1,5,2014,35.202309
1,5,2015,36.130348
1,5,2016,36.188747
2,1,2004,23.66626
2,1,2005,23.055067
2,1,2006,19.871609
2,1,2007,20.062889
2,1,2008,19.120087
2,1,2009,18.354979
2,1,2010,17.647495
2,1,2011,17.636829
2,1,2012,17.08353
2,1,2013,17.028002
2,1,2014,16.143999
2,1,2015,15.351305
2,1,2016,15.471591
2,2,2004,24.783438
2,2,2005,24.639351
2,2,2006,25.356432
2,2,2007,25.092672
2,2,2008,26.191858
2,2,2009,26.895824
2,2,2010,27.743721
2,2,2011,27.956152
2,2,2012,28.739943
2,2,2013,29.738844
2,2,2014,29.904896
2,2,2015,30.550726
2,2,2016,31.383963
2,5,2004,51.550304
2,5,2005,52.305584
2,5,2006,54.771961
2,5,2007,54.844437
2,5,2008,54.688057
2,5,2009,54.749195
2,5,2010,54.608784
2,5,2011,54.407017
2,5,2012,54.176529
2,5,2013,53.233154
2,5,2014,53.951103
2,5,2015,54.097969
2,5,2016,53.144444
3,1,1989,62.723583
3,1,1991,56.83075
3,1,1992,54.736912
3,1,1994,50.637184
3,1,1995,46.545418
3,1,2000,41.47678
3,1,2001,40.536442
3,1,2002,39.196617
3,1,2003,37.952141
3,1,2004,35.708241
3,1,2005,33.903755
3,1,2006,33.057926
3,1,2007,32.046577
3,1,2008,30.423817
3,1,2009,29.427107
3,1,2010,29.500488
3,1,2011,28.733294
3,1,2012,28.356371
3,1,2013,27.241648
3,1,2014,26.44935
3,1,2015,25.322903
3,1,2016,24.905834
3,2,1989,16.86467
3,2,1991,19.620007
3,2,1992,20.226023
3,2,1994,22.345255
3,2,1995,24.604177
3,2,2000,27.084993
3,2,2001,27.626753
3,2,2002,28.134819
3,2,2003,29.031809
3,2,2004,30.40086
3,2,2005,31.045088
3,2,2006,31.754845
3,2,2007,32.094864
3,2,2008,32.310043
3,2,2009,33.397053
3,2,2010,34.989502
3,2,2011,34.612984
3,2,2012,35.316551
3,2,2013,35.535332
3,2,2014,36.855022
3,2,2015,36.857422
3,2,2016,37.503956
3,5,1989,20.411747
3,5,1991,23.549244
3,5,1992,25.037067
3,5,1994,27.017561
3,5,1995,28.850407
3,5,2000,31.438227
3,5,2001,31.836805
3,5,2002,32.668564
3,5,2003,33.016048
3,5,2004,33.8909
3,5,2005,35.051159
3,5,2006,35.187229
3,5,2007,35.858559
3,5,2008,37.26614
3,5,2009,37.175842
3,5,2010,35.51001
3,5,2011,36.653725
3,5,2012,36.32708
3,5,2013,37.223022
3,5,2014,36.695625
3,5,2015,37.819675
3,5,2016,37.59021
5,1,1981,38.953987
5,1,1990,31.034004
5,1,1991,29.99659
5,1,1992,28.664516
5,1,1993,26.689636
5,1,1994,26.150627
5,1,1995,24.862947
5,1,1996,23.648046
5,1,1997,22.245962
5,1,1998,21.320238
5,1,1999,20.417206
5,1,2000,19.332481
5,1,2001,18.011751
5,1,2002,17.321903
5,1,2003,16.267523
5,1,2004,15.686501
5,1,2005,14.816504
5,1,2006,14.457152
5,1,2007,13.494848
5,1,2008,13.003522
5,1,2009,12.468069
5,1,2010,11.736887
5,1,2011,11.368477
5,1,2012,11.035321
5,1,2013,10.45779
5,1,2014,10.011459
5,1,2015,9.5978909
5,1,2016,9.3911886
5,2,1981,23.179003
5,2,1990,28.036085
5,2,1991,28.271395
5,2,1992,29.020555
5,2,1993,30.386959
5,2,1994,33.485878
5,2,1995,34.537247
5,2,1996,35.634304
5,2,1997,37.415951
5,2,1998,38.258327
5,2,1999,39.376038
5,2,2000,40.105782
5,2,2001,41.881519
5,2,2002,42.873188
5,2,2003,44.123833
5,2,2004,44.548969
5,2,2005,45.976749
5,2,2006,46.881516
5,2,2007,48.181564
5,2,2008,48.706802
5,2,2009,49.290722
5,2,2010,50.311695
5,2,2011,51.033012
5,2,2012,52.305416
5,2,2013,52.971439
5,2,2014,53.61496
5,2,2015,55.17366
5,2,2016,56.265068
5,5,1981,37.867012
5,5,1990,40.929909
5,5,1991,41.732014
5,5,1992,42.314926
5,5,1993,42.923405
5,5,1994,40.363495
5,5,1995,40.599808
5,5,1996,40.717648
5,5,1997,40.338089
5,5,1998,40.421432
5,5,1999,40.206757
5,5,2000,40.561737
5,5,2001,40.106728
5,5,2002,39.804909
5,5,2003,39.608646
5,5,2004,39.76453
5,5,2005,39.206749
5,5,2006,38.661331
5,5,2007,38.323586
5,5,2008,38.289677
5,5,2009,38.241207
5,5,2010,37.95142
5,5,2011,37.598511
5,5,2012,36.659264
5,5,2013,36.57077
5,5,2014,36.373581
5,5,2015,35.228447
5,5,2016,34.343746
11,1,1994,17.259413
11,1,1995,16.634739
11,1,1997,15.044655
11,1,1998,14.660916
11,1,1999,13.955545
11,1,2000,14.05798
11,1,2001,13.791635
11,1,2002,12.072922
11,1,2003,13.580705
11,1,2004,10.923604
11,1,2005,10.074598
11,1,2006,9.7202902
11,1,2007,9.4652252
11,1,2008,9.096694
11,1,2009,8.5971041
11,1,2010,8.0573692
11,1,2011,7.6677351
11,1,2012,7.5491762
11,1,2013,7.1797996
11,1,2014,6.8099089
11,1,2015,6.841207
11,1,2016,6.5732007
11,2,1994,10.051514
11,2,1995,10.607792
11,2,1997,10.605698
11,2,1998,10.390572
11,2,1999,10.835668
11,2,2000,10.963162
11,2,2001,11.131626
11,2,2002,11.94141
11,2,2003,12.005664
11,2,2004,12.345678
11,2,2005,13.058269
11,2,2006,13.522043
11,2,2007,13.732669
11,2,2008,14.498895
11,2,2009,15.544437
11,2,2010,16.764982
11,2,2011,18.243177
11,2,2012,19.277992
11,2,2013,20.45986
11,2,2014,21.51013
11,2,2015,22.186741
11,2,2016,22.971544
11,5,1994,72.689072
11,5,1995,72.757469
11,5,1997,74.349648
11,5,1998,74.948509
11,5,1999,75.208786
11,5,2000,74.978859
11,5,2001,75.076736
11,5,2002,75.985672
11,5,2003,74.413628
11,5,2004,76.730721
11,5,2005,76.867134
11,5,2006,76.757668
11,5,2007,76.802109
11,5,2008,76.404411
11,5,2009,75.858459
11,5,2010,75.17765
11,5,2011,74.089088
11,5,2012,73.172829
11,5,2013,72.360344
11,5,2014,71.679962
11,5,2015,70.972054
11,5,2016,70.455254
13,1,1981,49.742344
13,1,1988,42.824944
13,1,1991,38.506348
13,1,1992,41.092419
13,1,1994,40.017136
13,1,1995,34.520378
13,1,1998,21.488886
13,1,1999,20.368582
13,1,2000,20.218884
13,1,2001,19.33378
13,1,2002,18.908283
13,1,2003,19.446814
13,1,2004,18.778183
13,1,2005,18.983217
13,1,2006,18.359888
13,1,2007,25.721992
13,1,2008,26.203114
13,1,2009,25.244347
13,1,2010,24.37451
13,1,2011,23.103144
13,1,2012,22.10408
13,1,2013,21.733091
13,1,2014,20.446318
13,1,2015,19.62863
13,1,2016,19.254272
13,2,1981,14.713799
13,2,1988,17.505634
13,2,1991,18.318893
13,2,1992,19.203054
13,2,1994,19.617189
13,2,1995,21.589775
13,2,1998,25.355267
13,2,1999,26.50436
13,2,2000,25.777601
13,2,2001,28.41186
13,2,2002,29.61084
13,2,2003,31.847263
13,2,2004,32.848095
13,2,2005,33.544121
13,2,2006,34.719662
13,2,2007,30.903458
13,2,2008,31.414381
13,2,2009,32.449905
13,2,2010,33.262753
13,2,2011,33.702026
13,2,2012,34.782349
13,2,2013,35.42934
13,2,2014,35.800922
13,2,2015,37.095581
13,2,2016,38.169136
13,5,1981,35.543858
13,5,1988,39.669422
13,5,1991,43.174759
13,5,1992,39.704525
13,5,1994,40.365673
13,5,1995,43.889847
13,5,1998,53.155849
13,5,1999,53.12706
13,5,2000,54.003513
13,5,2001,52.25436
13,5,2002,51.480877
13,5,2003,48.705925
13,5,2004,48.373722
13,5,2005,47.472664
13,5,2006,46.920448
13,5,2007,43.37455
13,5,2008,42.382504
13,5,2009,42.305748
13,5,2010,42.362736
13,5,2011,43.194832
13,5,2012,43.113571
13,5,2013,42.83757
13,5,2014,43.752758
13,5,2015,43.275791
13,5,2016,42.576591
16,1,2000,26.837576
16,1,2003,23.959745
16,1,2004,22.375042
16,1,2005,21.212481
16,1,2006,20.363401
16,1,2007,19.490316
16,1,2008,18.926767
16,1,2009,18.026873
16,1,2010,17.01717
16,1,2011,16.27569
16,1,2012,15.202716
16,1,2013,14.109433
16,1,2014,13.493114
16,1,2015,12.847135
16,1,2016,12.091855
16,2,2000,32.614372
16,2,2003,33.177582
16,2,2004,34.184566
16,2,2005,34.629433
16,2,2006,35.141739
16,2,2007,36.357056
16,2,2008,36.583557
16,2,2009,37.268574
16,2,2010,38.146343
16,2,2011,39.318207
16,2,2012,39.661289
16,2,2013,40.545231
16,2,2014,41.776676
16,2,2015,42.742619
16,2,2016,43.595264
16,5,2000,40.54805
16,5,2003,42.862675
16,5,2004,43.440392
16,5,2005,44.158085
16,5,2006,44.494862
16,5,2007,44.152626
16,5,2008,44.489677
16,5,2009,44.704552
16,5,2010,44.836487
16,5,2011,44.406101
16,5,2012,45.135994
16,5,2013,45.345337
16,5,2014,44.730209
16,5,2015,44.410244
16,5,2016,44.312881
17,1,1981,60.617386
17,1,1989,51.909286
17,1,1991,49.466606
17,1,1992,45.963066
17,1,1994,42.228619
17,1,1995,40.939255
17,1,1997,40.507431
17,1,1998,39.278065
17,1,1999,38.137104
17,1,2000,37.759026
17,1,2001,36.132778
17,1,2002,35.226971
17,1,2003,34.777859
17,1,2004,34.187824
17,1,2005,33.189934
17,1,2006,32.571041
17,1,2007,31.532801
17,1,2008,30.401829
17,1,2009,29.745792
17,1,2010,29.233322
17,1,2011,28.385553
17,1,2012,27.465466
17,1,2013,25.153784
17,1,2014,22.681496
17,1,2015,22.467602
17,1,2016,21.89171
17,2,1981,10.880725
17,2,1989,13.757461
17,2,1991,15.144846
17,2,1992,15.980103
17,2,1994,17.80175
17,2,1995,18.608873
17,2,1997,20.023951
17,2,1998,20.597754
17,2,1999,21.456413
17,2,2000,21.58481
17,2,2001,23.020861
17,2,2002,23.98011
17,2,2003,23.917387
17,2,2004,24.383652
17,2,2005,25.425774
17,2,2006,26.183411
17,2,2007,26.646099
17,2,2008,27.233906
17,2,2009,28.588057
17,2,2010,29.006897
17,2,2011,29.767
17,2,2012,30.856123
17,2,2013,32.105263
17,2,2014,33.539047
17,2,2015,34.085361
17,2,2016,34.582485
17,5,1981,28.501892
17,5,1989,34.333252
17,5,1991,35.388546
17,5,1992,38.056831
17,5,1994,39.969631
17,5,1995,40.45187
17,5,1997,39.468616
17,5,1998,40.124184
17,5,1999,40.406479
17,5,2000,40.656166
17,5,2001,40.846359
17,5,2002,40.792923
17,5,2003,41.304752
17,5,2004,41.428524
17,5,2005,41.384293
17,5,2006,41.245548
17,5,2007,41.821098
17,5,2008,42.364265
17,5,2009,41.666153
17,5,2010,41.759781
17,5,2011,41.847446
17,5,2012,41.67841
17,5,2013,42.740952
17,5,2014,43.779457
17,5,2015,43.447037
17,5,2016,43.525806
12,1,1989,21.636534
12,1,1991,18.18479
12,1,1992,18.084284
12,1,1994,15.993667
12,1,1995,16.322004
12,1,1997,16.763416
12,1,1998,16.236273
12,1,1999,18.763994
12,1,2000,18.273834
12,1,2001,17.3916
12,1,2002,17.012363
12,1,2003,16.622698
12,1,2004,16.099459
12,1,2005,16.892855
12,1,2006,16.763083
12,1,2007,15.584911
12,1,2008,14.668834
12,1,2009,14.520243
12,1,2010,14.189683
12,1,2011,13.74963
12,1,2012,13.699094
12,1,2013,13.679199
12,1,2014,13.096583
12,1,2015,13.208749
12,1,2016,13.523512
12,2,1989,17.377905
12,2,1991,21.774984
12,2,1992,21.395245
12,2,1994,22.098492
12,2,1995,22.59786
12,2,1997,22.643158
12,2,1998,23.000015
12,2,1999,22.895208
12,2,2000,23.498837
12,2,2001,23.222008
12,2,2002,23.427382
12,2,2003,23.982014
12,2,2004,24.931704
12,2,2005,24.552816
12,2,2006,23.947578
12,2,2007,24.299988
12,2,2008,25.400061
12,2,2009,26.385326
12,2,2010,26.609148
12,2,2011,27.562323
12,2,2012,28.121572
12,2,2013,28.47327
12,2,2014,27.057884
12,2,2015,27.638235
12,2,2016,28.291723
12,5,1989,60.985561
12,5,1991,60.040226
12,5,1992,60.520473
12,5,1994,61.907841
12,5,1995,61.080135
12,5,1997,60.593426
12,5,1998,60.76371
12,5,1999,58.340797
12,5,2000,58.227329
12,5,2001,59.386391
12,5,2002,59.560257
12,5,2003,59.395287
12,5,2004,58.968838
12,5,2005,58.554329
12,5,2006,59.289337
12,5,2007,60.115101
12,5,2008,59.931107
12,5,2009,59.094433
12,5,2010,59.201168
12,5,2011,58.688049
12,5,2012,58.179337
12,5,2013,57.84753
12,5,2014,59.845531
12,5,2015,59.153015
12,5,2016,58.184765
19,1,1987,69.771255
19,1,1988,68.195236
19,1,1989,66.900887
19,1,1990,66.015121
19,1,1991,64.376518
19,1,1992,63.549957
19,1,1993,60.966427
19,1,1994,58.696846
19,1,1995,57.455963
19,1,1996,55.831074
19,1,1997,54.459099
19,1,1998,52.167694
19,1,1999,52.244076
19,1,2000,50.712349
19,1,2001,49.770618
19,1,2002,48.158752
19,1,2003,46.452507
19,1,2004,43.350311
19,1,2005,42.286209
19,1,2006,40.75304
19,1,2007,39.922272
19,1,2008,38.692974
19,1,2009,38.5051
19,1,2010,37.26366
19,1,2011,35.445217
19,1,2012,34.217484
19,1,2013,32.80518
19,1,2014,31.733679
19,1,2015,29.780088
19,1,2016,28.349747
19,2,1987,8.7879772
19,2,1988,9.6034136
19,2,1989,9.9697104
19,2,1990,10.545712
19,2,1991,10.997955
19,2,1992,12.241859
19,2,1993,12.991105
19,2,1994,13.89668
19,2,1995,14.274186
19,2,1996,15.142701
19,2,1997,15.622277
19,2,1998,16.878386
19,2,1999,17.338158
19,2,2000,17.672335
19,2,2001,18.067701
19,2,2002,18.793383
19,2,2003,19.299871
19,2,2004,21.286716
19,2,2005,21.472097
19,2,2006,22.428827
19,2,2007,22.893152
19,2,2008,23.535585
19,2,2009,23.656685
19,2,2010,24.744848
19,2,2011,26.112072
19,2,2012,26.719267
19,2,2013,27.423178
19,2,2014,28.105659
19,2,2015,29.057495
19,2,2016,30.231607
19,5,1987,21.440767
19,5,1988,22.201353
19,5,1989,23.1294
19,5,1990,23.439163
19,5,1991,24.625525
19,5,1992,24.208183
19,5,1993,26.042467
19,5,1994,27.406475
19,5,1995,28.269852
19,5,1996,29.026226
19,5,1997,29.918621
19,5,1998,30.953918
19,5,1999,30.417767
19,5,2000,31.615318
19,5,2001,32.161682
19,5,2002,33.047863
19,5,2003,34.24762
19,5,2004,35.362972
19,5,2005,36.241695
19,5,2006,36.81813
19,5,2007,37.184578
19,5,2008,37.771439
19,5,2009,37.838215
19,5,2010,37.991489
19,5,2011,38.442711
19,5,2012,39.063248
19,5,2013,39.771641
19,5,2014,40.160664
19,5,2015,41.162418
19,5,2016,41.418648
20,1,1997,36.956242
20,1,1998,36.720436
20,1,1999,32.65992
20,1,2000,30.781889
20,1,2001,29.98584
20,1,2002,28.577425
20,1,2003,25.927795
20,1,2004,24.64992
20,1,2005,23.609816
20,1,2006,21.9265
20,1,2007,20.79417
20,1,2008,20.296638
20,1,2009,19.425785
20,1,2010,18.707645
20,1,2011,18.232164
20,1,2012,17.879883
20,1,2013,17.505869
20,1,2014,16.905603
20,1,2015,16.783051
20,1,2016,16.637701
20,2,1997,12.217196
20,2,1998,13.1676
20,2,1999,13.516391
20,2,2000,14.041859
20,2,2001,13.984717
20,2,2002,14.211662
20,2,2003,15.416001
20,2,2004,16.748745
20,2,2005,17.083904
20,2,2006,17.699047
20,2,2007,18.048761
20,2,2008,19.197906
20,2,2009,19.86219
20,2,2010,20.121918
20,2,2011,21.124001
20,2,2012,22.046715
20,2,2013,22.505821
20,2,2014,23.356073
20,2,2015,24.242552
20,2,2016,23.713329
20,5,1997,50.826561
20,5,1998,50.111961
20,5,1999,53.823689
20,5,2000,55.17625
20,5,2001,56.029442
20,5,2002,57.210911
20,5,2003,58.6562
20,5,2004,58.601334
20,5,2005,59.306282
20,5,2006,60.374454
20,5,2007,61.157066
20,5,2008,60.505455
20,5,2009,60.712025
20,5,2010,61.170437
20,5,2011,60.643833
20,5,2012,60.073402
20,5,2013,59.988312
20,5,2014,59.738323
20,5,2015,58.9744
20,5,2016,59.648968
24,1,2003,34.262501
24,1,2004,33.643612
24,1,2005,31.825998
24,1,2006,31.31949
24,1,2007,30.819305
24,1,2008,30.940493
24,1,2009,30.005922
24,1,2010,29.282291
24,1,2011,29.195244
24,1,2012,29.207808
24,1,2013,27.830322
24,1,2014,26.74341
24,1,2015,25.303907
24,1,2016,22.001961
24,2,2003,27.861868
24,2,2004,27.94356
24,2,2005,29.471401
24,2,2006,30.411818
24,2,2007,30.804794
24,2,2008,31.591888
24,2,2009,32.907246
24,2,2010,32.632442
24,2,2011,33.774651
24,2,2012,35.01783
24,2,2013,36.08242
24,2,2014,37.088051
24,2,2015,38.841152
24,2,2016,40.475002
24,5,2003,37.875629
24,5,2004,38.412827
24,5,2005,38.702599
24,5,2006,38.268692
24,5,2007,38.3759
24,5,2008,37.467621
24,5,2009,37.08683
24,5,2010,38.085266
24,5,2011,37.030106
24,5,2012,35.774364
24,5,2013,36.087257
24,5,2014,36.168541
24,5,2015,35.854942
24,5,2016,37.523037
23,1,1989,61.960426
23,1,1991,59.80291
23,1,1992,57.777081
23,1,1994,54.771759
23,1,1995,52.839344
23,1,2000,42.706924
23,1,2001,44.735104
23,1,2002,40.004444
23,1,2003,38.298161
23,1,2004,37.160995
23,1,2005,35.466724
23,1,2006,33.656101
23,1,2007,32.273792
23,1,2008,30.546635
23,1,2009,28.832077
23,1,2010,27.225185
23,1,2011,26.365326
23,1,2012,25.367115
23,1,2013,23.273964
23,1,2014,21.187292
23,1,2015,20.182577
23,2,1989,14.758701
23,2,1991,15.902357
23,2,1992,16.950533
23,2,1994,18.557516
23,2,1995,19.893375
23,2,2000,21.613003
23,2,2001,23.577002
23,2,2002,24.814322
23,2,2003,26.308289
23,2,2004,27.820133
23,2,2005,29.074234
23,2,2006,31.095585
23,2,2007,32.39011
23,2,2008,33.902611
23,2,2009,35.822323
23,2,2010,37.584061
23,2,2011,38.162312
23,2,2012,39.69788
23,2,2013,41.47068
23,2,2014,40.967049
23,2,2015,42.806118
23,5,1989,23.280872
23,5,1991,24.294731
23,5,1992,25.272387
23,5,1994,26.670725
23,5,1995,27.267282
23,5,2000,35.680077
23,5,2001,31.687897
23,5,2002,35.181232
23,5,2003,35.393551
23,5,2004,35.018871
23,5,2005,35.459042
23,5,2006,35.248314
23,5,2007,35.336098
23,5,2008,35.550751
23,5,2009,35.3456
23,5,2010,35.190754
23,5,2011,35.472363
23,5,2012,34.935005
23,5,2013,35.255356
23,5,2014,37.845661
23,5,2015,37.011307
26,1,1989,74.324593
26,1,1991,71.787415
26,1,1992,71.566925
26,1,1994,66.810402
26,1,1995,65.061142
26,1,1998,59.284374
26,1,1999,57.758488
26,1,2000,57.886444
26,1,2001,56.725201
26,1,2002,55.637676
26,1,2003,51.586433
26,1,2004,51.4006
26,1,2005,49.913864
26,1,2006,48.710896
26,1,2007,47.700294
26,1,2008,46.687767
26,1,2009,45.698818
26,1,2010,44.825645
26,1,2011,43.971539
26,1,2012,42.763065
26,1,2013,41.84333
26,1,2014,40.693222
26,1,2015,40.108776
26,1,2016,39.856853
26,2,1989,5.6654496
26,2,1991,6.0649128
26,2,1992,6.3786483
26,2,1994,7.5035934
26,2,1995,7.9192142
26,2,1998,8.5931797
26,2,1999,9.2728176
26,2,2000,9.3770475
26,2,2001,10.04891
26,2,2002,10.367989
26,2,2003,10.460108
26,2,2004,11.59316
26,2,2005,12.224514
26,2,2006,12.872448
26,2,2007,13.578119
26,2,2008,14.357011
26,2,2009,14.510798
26,2,2010,14.802574
26,2,2011,14.935372
26,2,2012,15.708264
26,2,2013,16.289694
26,2,2014,16.910578
26,2,2015,17.546457
26,2,2016,17.723593
26,5,1989,20.009956
26,5,1991,22.147673
26,5,1992,22.05443
26,5,1994,25.686005
26,5,1995,27.019644
26,5,1998,32.122448
26,5,1999,32.968697
26,5,2000,32.736511
26,5,2001,33.225887
26,5,2002,33.994335
26,5,2003,37.953461
26,5,2004,37.006237
26,5,2005,37.861622
26,5,2006,38.416656
26,5,2007,38.721588
26,5,2008,38.955219
26,5,2009,39.790382
26,5,2010,40.37178
26,5,2011,41.093086
26,5,2012,41.528671
26,5,2013,41.866974
26,5,2014,42.396198
26,5,2015,42.344765
26,5,2016,42.419556
27,2,1997,30.531231
27,2,1998,30.627626
27,2,1999,31.847042
27,2,2000,33.615494
27,2,2001,34.13689
27,2,2002,36.575481
27,2,2003,37.422066
27,2,2004,38.693394
27,2,2005,39.939026
27,2,2006,40.464294
27,2,2007,41.024883
27,2,2008,42.842262
27,2,2009,43.764038
27,2,2010,44.809975
27,2,2011,46.364063
27,2,2012,46.619377
27,2,2013,47.311993
27,2,2014,48.185074
27,2,2015,49.541573
27,2,2016,50.496956
28,1,1995,40.236736
28,1,1997,37.931839
28,1,1998,33.600086
28,1,1999,32.577736
28,1,2000,31.690405
28,1,2001,30.354988
28,1,2002,29.187298
28,1,2003,26.810965
28,1,2004,25.555859
28,1,2005,24.467546
28,1,2006,23.338377
28,1,2007,22.128119
28,1,2008,20.856735
28,1,2009,20.068058
28,1,2010,19.552372
28,1,2011,18.610392
28,1,2012,17.580446
28,1,2013,16.297365
28,1,2014,15.021633
28,1,2015,14.196984
28,1,2016,13.121904
28,2,1995,18.117176
28,2,1997,19.752064
28,2,1998,22.474796
28,2,1999,23.132532
28,2,2000,23.920727
28,2,2001,24.976711
28,2,2002,26.02903
28,2,2003,29.45536
28,2,2004,30.475597
28,2,2005,31.605495
28,2,2006,32.930244
28,2,2007,34.611725
28,2,2008,36.556026
28,2,2009,38.66198
28,2,2010,39.719578
28,2,2011,40.408531
28,2,2012,41.730968
28,2,2013,43.112762
28,2,2014,44.569664
28,2,2015,45.490902
28,2,2016,46.858822
28,5,1995,41.646088
28,5,1997,42.316097
28,5,1998,43.925117
28,5,1999,44.289734
28,5,2000,44.388866
28,5,2001,44.668301
28,5,2002,44.783672
28,5,2003,43.733677
28,5,2004,43.968544
28,5,2005,43.926956
28,5,2006,43.731377
28,5,2007,43.260159
28,5,2008,42.587238
28,5,2009,41.269958
28,5,2010,40.72805
28,5,2011,40.981075
28,5,2012,40.688583
28,5,2013,40.589874
28,5,2014,40.408703
28,5,2015,40.312115
28,5,2016,40.019276
30,1,2000,39.080746
30,1,2005,34.146366
30,1,2006,34.479065
30,1,2007,34.264404
30,1,2008,32.058296
30,1,2009,22.655592
30,1,2010,22.322315
30,1,2011,22.742352
30,1,2012,21.69751
30,1,2013,19.512997
30,1,2014,18.023409
30,1,2015,25.391632
30,1,2016,21.180861
30,2,2000,18.284153
30,2,2005,26.549366
30,2,2006,23.993208
30,2,2007,26.512686
30,2,2008,27.653927
30,2,2009,34.795971
30,2,2010,35.475895
30,2,2011,37.034779
30,2,2012,39.110382
30,2,2013,40.673241
30,2,2014,45.935593
30,2,2015,39.794865
30,2,2016,42.856003
30,5,2000,42.635101
30,5,2005,39.304268
30,5,2006,41.527729
30,5,2007,39.222908
30,5,2008,40.287777
30,5,2009,42.548435
30,5,2010,42.20179
30,5,2011,40.22287
30,5,2012,39.192108
30,5,2013,39.813763
30,5,2014,36.041
30,5,2015,34.813503
30,5,2016,35.963139
32,1,1997,72.207962
32,1,1998,72.002563
32,1,1999,72.845215
32,1,2000,70.91008
32,1,2001,70.337532
32,1,2002,70.016335
32,1,2003,70.124634
32,1,2004,68.566475
32,1,2005,71.844093
32,1,2006,70.973122
32,1,2007,70.421989
32,1,2008,70.091904
32,1,2009,68.709137
32,1,2010,67.913872
32,1,2011,66.860298
32,1,2012,66.014343
32,1,2013,65.209229
32,1,2014,64.907104
32,1,2015,64.336807
32,1,2016,63.365211
32,2,1997,13.244137
32,2,1998,13.459542
32,2,1999,13.164485
32,2,2000,14.635047
32,2,2001,15.109115
32,2,2002,15.364734
32,2,2003,15.5543
32,2,2004,16.568291
32,2,2005,12.723972
32,2,2006,13.26213
32,2,2007,13.55181
32,2,2008,13.672557
32,2,2009,14.308427
32,2,2010,14.654601
32,2,2011,15.012249
32,2,2012,15.709545
32,2,2013,16.20183
32,2,2014,15.996383
32,2,2015,16.278801
32,2,2016,16.818605
32,5,1997,14.5479
32,5,1998,14.537898
32,5,1999,13.990302
32,5,2000,14.454871
32,5,2001,14.553352
32,5,2002,14.618934
32,5,2003,14.321067
32,5,2004,14.865237
32,5,2005,15.431935
32,5,2006,15.764752
32,5,2007,16.026201
32,5,2008,16.235542
32,5,2009,16.982433
32,5,2010,17.431528
32,5,2011,18.127449
32,5,2012,18.276108
32,5,2013,18.58894
32,5,2014,19.09651
32,5,2015,19.38439
32,5,2016,19.816181
33,1,1990,45.222771
33,1,1991,43.743805
33,1,1992,42.071236
33,1,1994,40.196198
33,1,1995,38.790455
33,1,1998,35.686409
33,1,2000,35.143627
33,1,2001,34.89233
33,1,2002,32.165543
33,1,2003,30.776005
33,1,2004,29.093763
33,1,2005,28.181055
33,1,2006,27.63452
33,1,2007,26.816864
33,1,2008,26.708052
33,1,2009,26.604006
33,1,2010,27.026423
33,1,2011,27.715986
33,1,2012,26.576496
33,1,2013,24.204819
33,1,2014,24.098568
33,1,2015,23.600424
33,1,2016,22.9333
33,2,1990,19.184652
33,2,1991,19.586224
33,2,1992,20.858746
33,2,1994,21.390118
33,2,1995,21.970234
33,2,1998,24.219467
33,2,2000,23.375116
33,2,2001,23.205473
33,2,2002,25.02088
33,2,2003,27.545015
33,2,2004,29.537558
33,2,2005,30.11544
33,2,2006,30.189871
33,2,2007,30.803967
33,2,2008,32.167362
33,2,2009,32.785397
33,2,2010,32.389164
33,2,2011,32.041344
33,2,2012,34.398335
33,2,2013,33.869305
33,2,2014,34.419815
33,2,2015,35.330765
33,2,2016,35.999168
33,5,1990,35.592579
33,5,1991,36.669971
33,5,1992,37.070019
33,5,1994,38.413685
33,5,1995,39.239311
33,5,1998,40.094124
33,5,2000,41.481255
33,5,2001,41.902199
33,5,2002,42.813576
33,5,2003,41.678982
33,5,2004,41.368679
33,5,2005,41.703503
33,5,2006,42.17561
33,5,2007,42.379169
33,5,2008,41.124588
33,5,2009,40.6106
33,5,2010,40.584415
33,5,2011,40.242668
33,5,2012,39.025169
33,5,2013,41.925877
33,5,2014,41.481617
33,5,2015,41.06881
33,5,2016,41.067532
35,1,1981,66.995567
35,1,1990,43.447365
35,1,1991,44.373329
35,1,1992,43.602989
35,1,1994,42.728489
35,1,1995,40.922394
35,1,1997,39.565754
35,1,1998,38.636364
35,1,1999,38.037067
35,1,2000,36.803673
35,1,2001,35.522774
35,1,2002,34.41552
35,1,2003,33.131687
35,1,2004,32.920467
35,1,2005,31.6005
35,1,2006,31.062853
35,1,2007,28.924793
35,1,2008,27.94714
35,1,2009,27.84214
35,1,2010,26.960302
35,1,2011,25.886049
35,1,2012,25.939383
35,1,2013,28.640007
35,1,2014,25.924784
35,1,2015,25.277622
35,1,2016,23.423424
35,2,2014,35.628941
35,2,2015,34.040531
35,2,2016,36.275139
35,5,2014,38.446278
35,5,2015,40.681847
35,5,2016,40.301437
34,1,1981,33.506577
34,1,1989,22.569614
34,1,1991,20.871677
34,1,1992,20.986521
34,1,1994,19.315317
34,1,1995,18.810703
34,1,2005,22.786383
34,1,2006,21.103868
34,1,2007,21.07445
34,1,2008,19.278467
34,1,2009,19.276142
34,1,2010,19.372442
34,1,2011,18.103582
34,1,2012,17.945995
34,1,2013,17.591412
34,1,2014,18.052679
34,1,2015,17.628136
34,1,2016,17.761009
34,2,1981,15.624827
34,2,1989,22.862726
34,2,1991,24.811007
34,2,1992,25.280275
34,2,1994,27.359604
34,2,1995,28.633411
34,2,2005,32.692787
34,2,2006,32.926327
34,2,2007,34.198307
34,2,2008,36.004189
34,2,2009,36.698498
34,2,2010,37.284328
34,2,2011,38.053513
34,2,2012,38.561893
34,2,2013,39.770252
34,2,2014,41.757915
34,2,2015,42.706734
34,2,2016,43.016758
34,5,1981,50.868595
34,5,1989,54.567661
34,5,1991,54.317318
34,5,1992,53.733204
34,5,1994,53.325081
34,5,1995,52.555885
34,5,2005,44.520832
34,5,2006,45.969803
34,5,2007,44.727242
34,5,2008,44.717346
34,5,2009,44.02536
34,5,2010,43.343231
34,5,2011,43.842903
34,5,2012,43.492111
34,5,2013,42.638336
34,5,2014,40.189404
34,5,2015,39.665131
34,5,2016,39.222229
36,1,1995,26.256752
36,1,1997,22.954578
36,1,1998,21.707138
36,1,1999,21.480509
36,1,2000,20.119442
36,1,2001,19.421961
36,1,2002,18.766407
36,1,2003,17.379782
36,1,2004,16.07354
36,1,2005,14.887128
36,1,2006,14.18797
36,1,2007,13.698365
36,1,2008,12.851042
36,1,2009,12.027865
36,1,2010,11.485272
36,1,2011,11.087381
36,1,2012,10.402209
36,1,2013,9.8658543
36,1,2014,9.4829636
36,1,2015,9.2220259
36,1,2016,8.6792269
36,2,1995,13.149148
36,2,1997,10.228083
36,2,1998,10.851001
36,2,1999,11.2755
36,2,2000,11.36204
36,2,2001,11.885846
36,2,2002,12.585118
36,2,2003,14.17064
36,2,2004,15.709586
36,2,2005,16.926928
36,2,2006,17.891872
36,2,2007,18.688519
36,2,2008,19.565832
36,2,2009,21.150869
36,2,2010,22.468407
36,2,2011,23.283596
36,2,2012,24.512804
36,2,2013,25.755669
36,2,2014,26.995474
36,2,2015,27.747267
36,2,2016,28.711193
36,5,1995,60.594101
36,5,1997,66.817337
36,5,1998,67.441864
36,5,1999,67.243988
36,5,2000,68.518517
36,5,2001,68.692192
36,5,2002,68.648476
36,5,2003,68.449577
36,5,2004,68.216873
36,5,2005,68.185944
36,5,2006,67.920158
36,5,2007,67.613113
36,5,2008,67.583122
36,5,2009,66.821266
36,5,2010,66.046318
36,5,2011,65.629021
36,5,2012,65.084984
36,5,2013,64.378479
36,5,2014,63.521564
36,5,2015,63.030708
36,5,2016,62.609581
37,1,1994,80.88382
37,1,1995,79.913086
37,1,1998,82.148552
37,1,1999,81.158997
37,1,2000,80.625755
37,1,2001,79.761848
37,1,2002,79.307739
37,1,2003,77.178673
37,1,2004,74.843437
37,1,2005,73.549492
37,1,2006,72.390388
37,1,2007,72.544418
37,1,2008,71.75206
37,1,2009,70.095329
37,1,2010,68.082458
37,1,2011,64.972481
37,1,2012,62.369896
37,1,2013,59.952484
37,1,2014,56.719505
37,1,2015,54.877064
37,1,2016,53.091141
37,2,1994,10.669723
37,2,1995,11.021688
37,2,1998,8.3049736
37,2,1999,8.6823721
37,2,2000,8.8429394
37,2,2001,9.2361002
37,2,2002,9.4179335
37,2,2003,10.958982
37,2,2004,12.516933
37,2,2005,12.844431
37,2,2006,13.480192
37,2,2007,13.692096
37,2,2008,14.300379
37,2,2009,14.66682
37,2,2010,15.445285
37,2,2011,17.25703
37,2,2012,18.534111
37,2,2013,19.307142
37,2,2014,21.7169
37,2,2015,22.857506
37,2,2016,23.847389
37,5,1994,8.446456
37,5,1995,9.0652218
37,5,1998,9.5464764
37,5,1999,10.158633
37,5,2000,10.531308
37,5,2001,11.002051
37,5,2002,11.274323
37,5,2003,11.862341
37,5,2004,12.639626
37,5,2005,13.606074
37,5,2006,14.129419
37,5,2007,13.763488
37,5,2008,13.947564
37,5,2009,15.237852
37,5,2010,16.472258
37,5,2011,17.770487
37,5,2012,19.095991
37,5,2013,20.740372
37,5,2014,21.563595
37,5,2015,22.26543
37,5,2016,23.06147
39,1,1997,21.415857
39,1,1998,19.799397
39,1,1999,17.563154
39,1,2000,16.193579
39,1,2001,14.879944
39,1,2002,14.090524
39,1,2003,13.300556
39,1,2004,13.002023
39,1,2005,12.130613
39,1,2006,11.190296
39,1,2007,10.840645
39,1,2008,10.066078
39,1,2009,9.0549088
39,1,2010,9.034791
39,1,2011,8.7385187
39,1,2012,8.2851295
39,1,2013,8.2006197
39,1,2014,9.1611462
39,1,2015,8.7147398
39,1,2016,8.2509651
39,2,1997,10.498405
39,2,1998,10.290984
39,2,1999,10.064605
39,2,2000,10.37334
39,2,2001,10.942797
39,2,2002,10.958904
39,2,2003,11.784762
39,2,2004,12.776853
39,2,2005,14.004099
39,2,2006,14.567307
39,2,2007,14.438412
39,2,2008,14.763523
39,2,2009,15.762831
39,2,2010,17.327984
39,2,2011,18.617317
39,2,2012,18.979084
39,2,2013,19.87734
39,2,2014,20.379578
39,2,2015,21.149881
39,2,2016,21.979519
39,5,1997,68.085739
39,5,1998,69.909622
39,5,1999,72.372238
39,5,2000,73.433083
39,5,2001,74.177261
39,5,2002,74.950569
39,5,2003,74.91468
39,5,2004,74.221123
39,5,2005,73.865288
39,5,2006,74.242401
39,5,2007,74.72094
39,5,2008,75.170403
39,5,2009,75.182259
39,5,2010,73.63723
39,5,2011,72.644165
39,5,2012,72.735786
39,5,2013,71.922043
39,5,2014,70.459274
39,5,2015,70.135376
39,5,2016,69.769516
14,1,1981,89.666626
14,1,1989,80.21312
14,1,1991,78.183922
14,1,1992,77.053749
14,1,1994,73.768227
14,1,1995,71.952583
14,1,1997,66.962067
14,1,1998,65.352112
14,1,1999,63.538891
14,1,2000,61.405891
14,1,2001,59.625759
14,1,2002,57.760826
14,1,2003,56.340916
14,1,2004,54.636044
14,1,2005,51.243546
14,1,2006,50.311646
14,1,2007,49.358929
14,1,2008,48.898933
14,1,2009,48.375061
14,1,2010,47.127037
14,1,2011,45.960678
14,1,2012,45.344112
14,1,2013,44.545616
14,1,2014,43.382374
14,1,2015,42.565994
14,1,2016,41.726074
14,2,1981,5.5986242
14,2,1989,9.2956858
14,2,1991,9.8881588
14,2,1992,13.066113
14,2,1994,15.000957
14,2,1995,16.106016
14,2,1997,19.111237
14,2,1998,20.159647
14,2,1999,21.257387
14,2,2000,22.704889
14,2,2001,23.751223
14,2,2002,24.921057
14,2,2003,25.625629
14,2,2004,26.748661
14,2,2005,28.518797
14,2,2006,28.809401
14,2,2007,29.27644
14,2,2008,29.519304
14,2,2009,29.989544
14,2,2010,31.016668
14,2,2011,31.91456
14,2,2012,32.649994
14,2,2013,33.734821
14,2,2014,34.678776
14,2,2015,35.081161
14,2,2016,35.693489
14,5,1981,4.7347522
14,5,1989,10.491197
14,5,1991,11.927919
14,5,1992,9.8801394
14,5,1994,11.230815
14,5,1995,11.941401
14,5,1997,13.9267
14,5,1998,14.488239
14,5,1999,15.203723
14,5,2000,15.889219
14,5,2001,16.623016
14,5,2002,17.318115
14,5,2003,18.033455
14,5,2004,18.615295
14,5,2005,20.237658
14,5,2006,20.878954
14,5,2007,21.364632
14,5,2008,21.58176
14,5,2009,21.635395
14,5,2010,21.856297
14,5,2011,22.12476
14,5,2012,22.005894
14,5,2013,21.719563
14,5,2014,21.93885
14,5,2015,22.352846
14,5,2016,22.580437
41,1,1981,50.703621
41,1,1989,32.836182
41,1,1991,30.885897
41,1,1992,29.650333
41,1,1994,26.845686
41,1,1995,25.347328
41,1,1997,24.683062
41,1,1998,23.859674
41,1,1999,23.393442
41,1,2000,22.448189
41,1,2001,19.359905
41,1,2002,18.423943
41,1,2003,17.800028
41,1,2004,17.057032
41,1,2005,16.40815
41,1,2006,15.924377
41,1,2007,15.411971
41,1,2008,14.958108
41,1,2009,14.261111
41,1,2010,13.727367
41,1,2011,12.964911
41,1,2012,12.497745
41,1,2013,11.829718
41,1,2014,18.445162
41,1,2015,18.024088
41,1,2016,17.272491
41,2,1981,16.634521
41,2,1989,23.334135
41,2,1991,25.235058
41,2,1992,25.830162
41,2,1994,27.01993
41,2,1995,28.309612
41,2,1997,27.536875
41,2,1998,27.991739
41,2,1999,28.748779
41,2,2000,30.122953
41,2,2001,31.602741
41,2,2002,32.56509
41,2,2003,33.419739
41,2,2004,34.529377
41,2,2005,29.645443
41,2,2006,30.520433
41,2,2007,31.328465
41,2,2008,32.02702
41,2,2009,33.060085
41,2,2010,33.868935
41,2,2011,35.174355
41,2,2012,35.698952
41,2,2013,37.034386
41,2,2014,38.700306
41,2,2015,39.786552
41,2,2016,41.139179
41,5,1981,32.661858
41,5,1989,43.829685
41,5,1991,43.879047
41,5,1992,44.519505
41,5,1994,46.134384
41,5,1995,46.34306
41,5,1997,47.780064
41,5,1998,48.148586
41,5,1999,47.857777
41,5,2000,47.42886
41,5,2001,49.037354
41,5,2002,49.010967
41,5,2003,48.780231
41,5,2004,48.413593
41,5,2005,53.946407
41,5,2006,53.555191
41,5,2007,53.259563
41,5,2008,53.01487
41,5,2009,52.678806
41,5,2010,52.403698
41,5,2011,51.860733
41,5,2012,51.803307
41,5,2013,51.135899
41,5,2014,42.85453
41,5,2015,42.189362
41,5,2016,41.588329
6,1,1989,21.198193
6,1,1991,19.285833
6,1,1992,19.194889
6,1,1994,17.797632
6,1,1995,17.792086
6,1,1997,16.444286
6,1,1998,16.277399
6,1,1999,16.122025
6,1,2000,16.120359
6,1,2001,15.138646
6,1,2002,15.060054
6,1,2003,15.401092
6,1,2004,14.979352
6,1,2005,14.753095
6,1,2006,14.6002
6,1,2007,14.042429
6,1,2008,13.19206
6,1,2009,13.083202
6,1,2010,14.966761
6,1,2011,15.176706
6,1,2012,14.334973
6,1,2013,13.589899
6,1,2014,12.776213
6,1,2015,12.704829
6,1,2016,12.564119
6,2,1989,25.507759
6,2,1991,20.290298
6,2,1992,20.960182
6,2,1994,21.428631
6,2,1995,21.11282
6,2,1997,22.192898
6,2,1998,22.92836
6,2,1999,23.607292
6,2,2000,24.177282
6,2,2001,25.401983
6,2,2002,25.385767
6,2,2003,26.875856
6,2,2004,28.088779
6,2,2005,28.763943
6,2,2006,29.851349
6,2,2007,31.327906
6,2,2008,33.652287
6,2,2009,35.020153
6,2,2010,33.881504
6,2,2011,34.000179
6,2,2012,35.291126
6,2,2013,37.407192
6,2,2014,38.428497
6,2,2015,39.782719
6,2,2016,41.235474
6,5,1989,53.294048
6,5,1991,60.42387
6,5,1992,59.844929
6,5,1994,60.773739
6,5,1995,61.095093
6,5,1997,61.362816
6,5,1998,60.794239
6,5,1999,60.270683
6,5,2000,59.702358
6,5,2001,59.45937
6,5,2002,59.55418
6,5,2003,57.723049
6,5,2004,56.93187
6,5,2005,56.482964
6,5,2006,55.54845
6,5,2007,54.629665
6,5,2008,53.155655
6,5,2009,51.896645
6,5,2010,51.151737
6,5,2011,50.823112
6,5,2012,50.373901
6,5,2013,49.002911
6,5,2014,48.795288
6,5,2015,47.512451
6,5,2016,46.200405
42,1,1991,82.280052
42,1,1992,86.381432
42,1,1994,80.244736
42,1,1995,76.977737
42,1,1997,78.995949
42,1,1998,78.171303
42,1,1999,77.53083
42,1,2000,76.703934
42,1,2001,76.448608
42,1,2002,74.994644
42,1,2003,73.536079
42,1,2004,72.799454
42,1,2005,71.917953
42,1,2006,70.854713
42,1,2007,70.408333
42,1,2008,69.691528
42,1,2009,68.94503
42,1,2010,68.793961
42,1,2011,67.851822
42,1,2012,66.135818
42,1,2013,65.167839
42,1,2014,64.367012
42,1,2015,63.007553
42,1,2016,61.486542
42,2,1991,6.3314686
42,2,1992,4.7576094
42,2,1994,7.0107942
42,2,1995,8.3635979
42,2,1997,7.5800052
42,2,1998,7.4544587
42,2,1999,8.0786676
42,2,2000,8.3461838
42,2,2001,8.4432325
42,2,2002,9.1408987
42,2,2003,9.7044678
42,2,2004,9.653903
42,2,2005,10.23861
42,2,2006,10.919287
42,2,2007,11.290907
42,2,2008,12.040659
42,2,2009,12.710275
42,2,2010,13.118464
42,2,2011,14.034094
42,2,2012,15.290227
42,2,2013,15.907355
42,2,2014,16.693634
42,2,2015,18.020138
42,2,2016,19.362528
42,5,1991,11.388478
42,5,1992,8.8609562
42,5,1994,12.74447
42,5,1995,14.658667
42,5,1997,13.424049
42,5,1998,14.374236
42,5,1999,14.390502
42,5,2000,14.949884
42,5,2001,15.108155
42,5,2002,15.864458
42,5,2003,16.759451
42,5,2004,17.546646
42,5,2005,17.843439
42,5,2006,18.225998
42,5,2007,18.300762
42,5,2008,18.267813
42,5,2009,18.344694
42,5,2010,18.087578
42,5,2011,18.114084
42,5,2012,18.573956
42,5,2013,18.924805
42,5,2014,18.939352
42,5,2015,18.972311
42,5,2016,19.15093
18,1,1997,40.922718
18,1,1998,39.878498
18,1,1999,38.399529
18,1,2000,37.388611
18,1,2001,37.15152
18,1,2002,35.746799
18,1,2003,34.921486
18,1,2004,33.831558
18,1,2005,33.16832
18,1,2006,29.098894
18,1,2007,27.807289
18,1,2008,28.359348
18,1,2009,26.256872
18,1,2010,24.937599
18,1,2011,23.167467
18,1,2012,21.91477
18,1,2013,20.849527
18,1,2014,20.83497
18,1,2015,20.38233
18,1,2016,19.256895
18,2,1997,22.560804
18,2,1998,23.779587
18,2,1999,24.858973
18,2,2000,25.683083
18,2,2001,26.126522
18,2,2002,26.840527
18,2,2003,27.998173
18,2,2004,29.338522
18,2,2005,29.709032
18,2,2006,34.191841
18,2,2007,35.536041
18,2,2008,35.216167
18,2,2009,36.984959
18,2,2010,38.187191
18,2,2011,39.412373
18,2,2012,40.977753
18,2,2013,41.891979
18,2,2014,42.217449
18,2,2015,44.197987
18,2,2016,45.961441
18,5,1997,36.516476
18,5,1998,36.341915
18,5,1999,36.741501
18,5,2000,36.928307
18,5,2001,36.721958
18,5,2002,37.412674
18,5,2003,37.080341
18,5,2004,36.829922
18,5,2005,37.12265
18,5,2006,36.709263
18,5,2007,36.656673
18,5,2008,36.424484
18,5,2009,36.758167
18,5,2010,36.87521
18,5,2011,37.420158
18,5,2012,37.107475
18,5,2013,37.258495
18,5,2014,36.947582
18,5,2015,35.419685
18,5,2016,34.781666
43,1,1981,23.543902
43,1,1982,22.57119
43,1,1983,21.59271
43,1,1984,20.455497
43,1,1985,19.811195
43,1,1986,19.050793
43,1,1987,18.376627
43,1,1988,18.203137
43,1,1989,17.580044
43,1,1990,16.766804
43,1,1991,16.288632
43,1,1992,15.957628
43,1,1993,15.101262
43,1,1994,14.857755
43,1,1995,14.20853
43,1,1996,14.340582
43,1,1997,14.087601
43,1,1998,13.544776
43,1,1999,13.080087
43,1,2000,12.557263
43,1,2001,12.616223
43,1,2002,12.656256
43,1,2003,12.469723
43,1,2004,12.092218
43,1,2005,12.225618
43,1,2006,12.203516
43,1,2007,12.088685
43,1,2008,11.304346
43,1,2009,11.355431
43,1,2010,11.030482
43,1,2011,10.741901
43,1,2012,10.692155
43,1,2013,10.371985
43,1,2014,10.429553
43,1,2015,10.457861
43,1,2016,9.8527498
43,2,1981,19.107403
43,2,1982,19.773286
43,2,1983,20.930569
43,2,1984,21.386956
43,2,1985,21.759466
43,2,1986,21.810841
43,2,1987,22.260836
43,2,1988,22.672065
43,2,1989,23.573067
43,2,1990,23.647634
43,2,1991,23.749318
43,2,1992,30.168661
43,2,1993,31.34177
43,2,1994,32.240868
43,2,1995,33.278633
43,2,1996,33.91544
43,2,1997,34.06329
43,2,1998,34.871624
43,2,1999,35.761505
43,2,2000,36.494774
43,2,2001,37.520222
43,2,2002,38.133007
43,2,2003,38.42197
43,2,2004,39.052998
43,2,2005,39.054729
43,2,2006,39.486282
43,2,2007,40.270866
43,2,2008,41.10516
43,2,2009,41.214626
43,2,2010,41.662415
43,2,2011,42.44838
43,2,2012,43.052437
43,2,2013,43.910252
43,2,2014,44.224617
43,2,2015,44.629398
43,2,2016,45.666355
43,5,1981,57.348695
43,5,1982,57.655524
43,5,1983,57.476721
43,5,1984,58.157547
43,5,1985,58.42934
43,5,1986,59.138366
43,5,1987,59.362536
43,5,1988,59.124798
43,5,1989,58.846889
43,5,1990,59.585562
43,5,1991,59.96205
43,5,1992,53.873711
43,5,1993,53.556969
43,5,1994,52.901375
43,5,1995,52.512836
43,5,1996,51.743977
43,5,1997,51.84911
43,5,1998,51.583603
43,5,1999,51.158409
43,5,2000,50.94796
43,5,2001,49.863556
43,5,2002,49.210739
43,5,2003,49.108307
43,5,2004,48.854782
43,5,2005,48.719654
43,5,2006,48.3102
43,5,2007,47.640446
43,5,2008,47.590492
43,5,2009,47.429943
43,5,2010,47.307102
43,5,2011,46.809719
43,5,2012,46.255409
43,5,2013,45.717762
43,5,2014,45.345833
43,5,2015,44.912739
43,5,2016,44.480896
4,1,2007,63.191654
4,1,2008,61.161831
4,1,2009,59.32708
4,1,2011,56.729549
4,1,2012,54.996342
4,1,2013,53.588863
4,1,2014,52.637005
4,1,2015,51.127499
4,2,2007,9.6238279
4,2,2008,10.795494
4,2,2009,10.863071
4,2,2011,11.614742
4,2,2012,12.993286
4,2,2013,13.746482
4,2,2014,14.321353
4,2,2015,14.794608
4,5,2007,27.184517
4,5,2008,28.042675
4,5,2009,29.809849
4,5,2011,31.655708
4,5,2012,32.010372
4,5,2013,32.664654
4,5,2014,33.041641
4,5,2015,34.077896
7,1,2009,43.493385
7,1,2011,42.320229
7,1,2013,38.585766
7,1,2015,35.133507
7,2,2009,17.120726
7,2,2011,17.813892
7,2,2013,21.089819
7,2,2015,22.475199
7,5,2009,39.385891
7,5,2011,39.865879
7,5,2013,40.324417
7,5,2015,42.391296
8,1,2010,75.53817
8,2,2010,9.6811743
8,5,2010,14.780653
9,1,2014,48.033009
9,1,2015,49.589104
9,1,2016,47.523586
9,2,2014,22.356598
9,2,2015,21.562889
9,2,2016,22.247128
9,5,2014,29.610394
9,5,2015,28.848007
9,5,2016,30.229284
15,1,1997,17.546963
15,1,1998,16.479084
15,1,1999,15.72357
15,1,2000,14.751366
15,1,2001,13.769239
15,1,2002,13.215323
15,1,2003,12.355169
15,1,2004,11.743241
15,1,2005,11.341643
15,1,2006,11.717903
15,1,2007,11.159678
15,1,2008,11.692819
15,1,2009,11.327562
15,1,2010,10.864561
15,1,2011,10.989735
15,1,2012,10.076135
15,1,2013,9.4806528
15,1,2014,11.895004
15,1,2015,11.442164
15,1,2016,11.10444
15,2,1997,29.998423
15,2,1998,29.753735
15,2,1999,28.811958
15,2,2000,28.669167
15,2,2001,29.479181
15,2,2002,29.358723
15,2,2003,29.649635
15,2,2004,30.712088
15,2,2005,33.025089
15,2,2006,33.118874
15,2,2007,33.146008
15,2,2008,34.176804
15,2,2009,36.065544
15,2,2010,35.423084
15,2,2011,36.889767
15,2,2012,37.605877
15,2,2013,37.345535
15,2,2014,37.499954
15,2,2015,38.030697
15,2,2016,38.756851
15,5,1997,52.454617
15,5,1998,53.767181
15,5,1999,55.464474
15,5,2000,56.579468
15,5,2001,56.751579
15,5,2002,57.425953
15,5,2003,57.995193
15,5,2004,57.54467
15,5,2005,55.633266
15,5,2006,55.163223
15,5,2007,55.694317
15,5,2008,54.130379
15,5,2009,52.606895
15,5,2010,53.712353
15,5,2011,52.120499
15,5,2012,52.317989
15,5,2013,53.173813
15,5,2014,50.605042
15,5,2015,50.527138
15,5,2016,50.13871
21,1,2009,70.924507
21,1,2010,69.701653
21,1,2013,67.339325
21,1,2015,64.371925
21,2,2009,6.3977652
21,2,2010,6.9766955
21,2,2013,8.2879791
21,2,2015,9.767416
21,5,2009,22.677727
21,5,2010,23.321655
21,5,2013,24.372694
21,5,2015,25.860661
25,1,2002,19.664862
25,1,2003,18.085173
25,1,2005,21.065123
25,1,2007,19.584095
25,1,2008,18.767063
25,1,2009,18.222622
25,1,2010,17.935621
25,1,2011,16.986902
25,1,2012,15.451829
25,1,2013,15.01176
25,1,2014,14.64511
25,1,2015,14.464885
25,1,2016,13.231215
25,2,2002,42.090389
25,2,2003,42.89489
25,2,2005,43.047825
25,2,2007,43.58707
25,2,2008,43.980537
25,2,2009,44.880913
25,2,2010,45.560074
25,2,2011,46.396889
25,2,2012,46.441711
25,2,2013,47.421043
25,2,2014,48.53273
25,2,2015,48.824478
25,2,2016,49.895348
25,5,2002,38.244751
25,5,2003,39.019939
25,5,2005,35.887051
25,5,2007,36.828835
25,5,2008,37.252399
25,5,2009,36.896465
25,5,2010,36.504307
25,5,2011,36.616207
25,5,2012,38.106457
25,5,2013,37.567196
25,5,2014,36.822159
25,5,2015,36.710636
25,5,2016,36.87344
31,1,1996,19.189783
31,1,1997,18.602966
31,1,1998,17.136116
31,1,1999,16.341381
31,1,2000,16.759621
31,1,2001,20.794182
31,1,2002,17.904789
31,1,2003,17.03433
31,1,2004,15.678306
31,1,2005,15.580102
31,1,2006,15.870779
31,1,2007,15.36415
31,1,2008,14.141485
31,1,2009,13.22369
31,1,2010,11.396096
31,1,2011,12.062219
31,1,2012,10.897214
31,1,2013,10.645624
31,1,2014,13.338798
31,1,2015,12.217953
31,1,2016,11.318077
31,2,1996,16.983236
31,2,1997,15.955276
31,2,1998,17.193325
31,2,1999,17.785416
31,2,2000,18.218046
31,2,2001,17.809738
31,2,2002,18.869808
31,2,2003,17.920399
31,2,2004,19.785511
31,2,2005,20.293005
31,2,2006,20.919746
31,2,2007,22.18199
31,2,2008,24.822483
31,2,2009,25.846195
31,2,2010,26.946114
31,2,2011,27.69327
31,2,2012,29.227177
31,2,2013,31.011995
31,2,2014,30.230137
31,2,2015,31.591949
31,2,2016,33.361481
31,5,1996,63.826981
31,5,1997,65.441757
31,5,1998,65.670563
31,5,1999,65.873207
31,5,2000,65.022331
31,5,2001,61.39608
31,5,2002,63.225403
31,5,2003,65.045273
31,5,2004,64.536186
31,5,2005,64.126892
31,5,2006,63.209473
31,5,2007,62.453861
31,5,2008,61.03603
31,5,2009,60.930115
31,5,2010,61.657791
31,5,2011,60.244511
31,5,2012,59.87561
31,5,2013,58.342381
31,5,2014,56.431065
31,5,2015,56.190098
31,5,2016,55.320442
38,1,2010,6.1387649
38,1,2011,5.9676595
38,1,2012,7.9089346
38,1,2013,5.320745
38,1,2014,5.2264862
38,1,2015,5.0550456
38,2,2010,53.125851
38,2,2011,53.631615
38,2,2012,51.257603
38,2,2013,54.302578
38,2,2014,54.775558
38,2,2015,55.595825
38,5,2010,40.735386
38,5,2011,40.400726
38,5,2012,40.833462
38,5,2013,40.376678
38,5,2014,39.997955
38,5,2015,39.349129
40,1,2000,25.176582
40,1,2002,22.982054
40,1,2003,21.86058
40,1,2004,20.331007
40,1,2005,19.703846
40,1,2006,18.436632
40,1,2007,18.181656
40,1,2008,17.956785
40,1,2009,16.713486
40,1,2010,16.689947
40,1,2011,15.523709
40,1,2012,15.027221
40,1,2013,14.546692
40,1,2014,14.274657
40,1,2015,13.213673
40,1,2016,12.65544
40,2,2000,15.726464
40,2,2002,15.257369
40,2,2003,17.744364
40,2,2004,19.040981
40,2,2005,20.171976
40,2,2006,21.387041
40,2,2007,22.227602
40,2,2008,22.637665
40,2,2009,23.315817
40,2,2010,23.716619
40,2,2011,25.09059
40,2,2012,26.439035
40,2,2013,27.880541
40,2,2014,28.600916
40,2,2015,30.173296
40,2,2016,30.735788
40,5,2000,59.096954
40,5,2002,61.760578
40,5,2003,60.395054
40,5,2004,60.628014
40,5,2005,60.12418
40,5,2006,60.176327
40,5,2007,59.590744
40,5,2008,59.405548
40,5,2009,59.970695
40,5,2010,59.593433
40,5,2011,59.3857
40,5,2012,58.533745
40,5,2013,57.572769
40,5,2014,57.124428
40,5,2015,56.613033
40,5,2016,56.608772
44,1,2008,62.794827
44,1,2009,61.475948
44,1,2010,60.558964
44,1,2011,59.782627
44,1,2012,72.698296
44,1,2013,58.156082
44,1,2014,57.014969
44,1,2015,57.019611
44,2,2008,10.943794
44,2,2009,11.162827
44,2,2010,11.185801
44,2,2011,11.748121
44,2,2012,11.286331
44,2,2013,11.756497
44,2,2014,11.881942
44,2,2015,12.037875
44,5,2008,26.261377
44,5,2009,27.361225
44,5,2010,28.255238
44,5,2011,28.469254
44,5,2012,16.015375
44,5,2013,30.087421
44,5,2014,31.103088
44,5,2015,30.942513
57,1,1994,42.771066
57,1,1995,40.271114
57,1,1997,35.249684
57,1,1998,36.641346
57,1,1999,35.856845
57,1,2000,35.004676
57,1,2001,34.906398
57,1,2002,32.768807
57,1,2003,31.505386
57,1,2004,30.557112
57,1,2005,29.43029
57,1,2006,28.756231
57,1,2007,28.025678
57,1,2008,27.261983
57,1,2009,26.747511
57,1,2010,25.608296
57,1,2011,25.426932
57,1,2012,24.081148
57,1,2013,23.771344
57,1,2014,22.880967
57,1,2015,22.801911
57,1,2016,21.634121
57,2,1995,19.978245
57,2,1997,20.304111
57,2,1998,20.250945
57,2,1999,20.650651
57,2,2000,21.598664
57,2,2001,22.291464
57,2,2002,23.479629
57,2,2003,24.86307
57,2,2004,25.26238
57,2,2005,26.477542
57,2,2006,26.685839
57,2,2007,27.771385
57,2,2008,28.720565
57,2,2009,29.478358
57,2,2010,30.523681
57,2,2011,30.987827
57,2,2012,32.435283
57,2,2013,32.914257
57,2,2014,34.228858
57,2,2015,34.549865
57,2,2016,35.676305
57,5,1995,39.781655
57,5,1998,43.645609
57,5,1999,44.100533
57,5,2000,43.890083
57,5,2001,43.30061
57,5,2002,44.297586
57,5,2003,44.120692
57,5,2004,44.725142
57,5,2005,44.580659
57,5,2006,45.076803
57,5,2007,44.645205
57,5,2008,44.480166
57,5,2009,44.240201
57,5,2010,44.35672
57,5,2011,44.065099
57,5,2012,43.984892
57,5,2013,43.898229
57,5,2014,43.313091
57,5,2015,43.089156
57,5,2016,43.15272
1,4,1989,25.773743
1,4,1991,26.691803
1,4,1993,23.508869
1,4,1994,24.40707
1,4,1995,25.825409
1,4,1997,23.803526
1,4,1998,24.421713
1,4,1999,25.668303
1,4,2000,26.104818
1,4,2001,27.158642
1,4,2002,29.45257
1,4,2003,29.933653
1,4,2004,29.046274
1,4,2005,30.226416
1,4,2006,30.650082
1,4,2007,31.389452
1,4,2008,33.012062
1,4,2009,33.912621
1,4,2010,34.390091
1,4,2011,34.573837
1,4,2012,37.532192
1,4,2013,35.101803
1,4,2014,38.390442
1,4,2015,38.441013
1,4,2016,39.76762
1,3,1989,35.465088
1,3,1991,35.655266
1,3,1993,21.418512
1,3,1994,21.740088
1,3,1995,22.807888
1,3,1997,24.797144
1,3,1998,26.414537
1,3,1999,27.711052
1,3,2000,28.838318
1,3,2001,30.789335
1,3,2002,32.061394
1,3,2003,32.682934
1,3,2004,32.562542
1,3,2005,33.12809
1,3,2006,35.344658
1,3,2007,36.054111
1,3,2008,39.232346
1,3,2009,39.784927
1,3,2010,40.772198
1,3,2011,42.043972
1,3,2012,44.97641
1,3,2013,43.913063
1,3,2014,45.340527
1,3,2015,47.239651
1,3,2016,47.630001
2,4,2004,28.642731
2,4,2005,27.894495
2,4,2006,28.601042
2,4,2007,28.065239
2,4,2008,28.911415
2,4,2009,29.133034
2,4,2010,29.628262
2,4,2011,29.97986
2,4,2012,30.735928
2,4,2013,31.345707
2,4,2014,31.201277
2,4,2015,31.968834
2,4,2016,32.170181
2,3,2004,20.959906
2,3,2005,21.409132
2,3,2006,22.137461
2,3,2007,22.145061
2,3,2008,23.499393
2,3,2009,24.682976
2,3,2010,25.881966
2,3,2011,25.959198
2,3,2012,26.770844
2,3,2013,28.151951
2,3,2014,28.621651
2,3,2015,29.142385
2,3,2016,30.600239
3,4,1989,18.279531
3,4,1991,20.618198
3,4,1992,20.738079
3,4,1994,22.280848
3,4,1995,24.476532
3,4,2000,26.565285
3,4,2001,27.138931
3,4,2002,27.368948
3,4,2003,28.251083
3,4,2004,29.457916
3,4,2005,29.889402
3,4,2006,30.530073
3,4,2007,30.484745
3,4,2008,30.659477
3,4,2009,31.480886
3,4,2010,33.003326
3,4,2011,32.419769
3,4,2012,32.722958
3,4,2013,32.801338
3,4,2014,33.864967
3,4,2015,33.639149
3,4,2016,34.192955
3,3,1989,15.446197
3,3,1991,18.616419
3,3,1992,19.710215
3,3,1994,22.410318
3,3,1995,24.733135
3,3,2000,27.610184
3,3,2001,28.119604
3,3,2002,28.908737
3,3,2003,29.820688
3,3,2004,31.359032
3,3,2005,32.211079
3,3,2006,32.99017
3,3,2007,33.718624
3,3,2008,33.974564
3,3,2009,35.328266
3,3,2010,36.989594
3,3,2011,36.821182
3,3,2012,37.926952
3,3,2013,38.285236
3,3,2014,39.860054
3,3,2015,40.091373
3,3,2016,40.828674
5,4,1981,25.183987
5,4,1990,27.811804
5,4,1991,28.125427
5,4,1992,28.792778
5,4,1993,29.997339
5,4,1994,32.238571
5,4,1995,33.043705
5,4,1996,33.806599
5,4,1997,35.493244
5,4,1998,36.441948
5,4,1999,37.285202
5,4,2000,37.658691
5,4,2001,39.407799
5,4,2002,40.14711
5,4,2003,41.52314
5,4,2004,41.322983
5,4,2005,42.553192
5,4,2006,43.235294
5,4,2007,44.127518
5,4,2008,44.45549
5,4,2009,44.847889
5,4,2010,45.417297
5,4,2011,45.958946
5,4,2012,46.772137
5,4,2013,47.163643
5,4,2014,48.053173
5,4,2015,49.226135
5,4,2016,50.077358
5,3,1981,21.186768
5,3,1990,28.259064
5,3,1991,28.416191
5,3,1992,29.247053
5,3,1993,30.773291
5,3,1994,34.7215
5,3,1995,36.014885
5,3,1996,37.443039
5,3,1997,39.31966
5,3,1998,40.059422
5,3,1999,41.448174
5,3,2000,42.533607
5,3,2001,44.336918
5,3,2002,45.580956
5,3,2003,46.709377
5,3,2004,47.751583
5,3,2005,49.375427
5,3,2006,50.499496
5,3,2007,52.201885
5,3,2008,52.928272
5,3,2009,53.706112
5,3,2010,55.174629
5,3,2011,56.068321
5,3,2012,57.794395
5,3,2013,58.730656
5,3,2014,59.124844
5,3,2015,61.063675
5,3,2016,62.385227
11,4,1994,12.340003
11,4,1995,13.079636
11,4,1997,12.869374
11,4,1998,12.322418
11,4,1999,12.623038
11,4,2000,12.656393
11,4,2001,12.883037
11,4,2002,13.769989
11,4,2003,13.568788
11,4,2004,13.931434
11,4,2005,14.475264
11,4,2006,14.761487
11,4,2007,14.830605
11,4,2008,15.249544
11,4,2009,16.176504
11,4,2010,17.254253
11,4,2011,18.417831
11,4,2012,19.016911
11,4,2013,19.962648
11,4,2014,20.672594
11,4,2015,20.964939
11,4,2016,21.909687
11,3,1994,7.8054962
11,3,1995,8.1785927
11,3,1997,8.3710794
11,3,1998,8.4804907
11,3,1999,9.0652227
11,3,2000,9.284236
11,3,2001,9.393425
11,3,2002,10.125204
11,3,2003,10.454591
11,3,2004,10.768107
11,3,2005,11.645926
11,3,2006,12.281507
11,3,2007,12.63084
11,3,2008,13.740888
11,3,2009,14.90211
11,3,2010,16.267406
11,3,2011,18.065575
11,3,2012,19.544611
11,3,2013,20.968353
11,3,2014,22.367245
11,3,2015,23.440073
11,3,2016,24.062445
13,4,1981,15.531924
13,4,1988,17.721519
13,4,1991,18.249289
13,4,1992,18.965202
13,4,1994,19.241957
13,4,1995,21.095289
13,4,1998,24.246071
13,4,1999,25.949448
13,4,2000,24.432135
13,4,2001,25.909626
13,4,2002,27.551037
13,4,2003,30.284622
13,4,2004,30.813038
13,4,2005,30.949152
13,4,2006,32.464222
13,4,2007,28.318111
13,4,2008,28.952282
13,4,2009,29.112455
13,4,2010,30.168686
13,4,2011,29.720867
13,4,2012,29.80813
13,4,2013,30.276464
13,4,2014,30.955563
13,4,2015,31.716614
13,4,2016,33.52124
13,3,1981,13.891511
13,3,1988,17.285822
13,3,1991,18.390015
13,3,1992,19.446356
13,3,1994,20.001463
13,3,1995,22.09598
13,3,1998,26.507191
13,3,1999,27.086575
13,3,2000,27.176115
13,3,2001,30.982752
13,3,2002,31.70907
13,3,2003,33.449036
13,3,2004,34.922371
13,3,2005,36.18129
13,3,2006,37.015888
13,3,2007,33.536175
13,3,2008,33.926411
13,3,2009,35.83601
13,3,2010,36.417156
13,3,2011,37.758144
13,3,2012,39.862782
13,3,2013,40.672806
13,3,2014,40.692032
13,3,2015,42.565228
13,3,2016,42.886276
16,4,2000,29.40193
16,4,2003,29.457676
16,4,2004,29.973473
16,4,2005,29.93437
16,4,2006,30.008163
16,4,2007,31.142788
16,4,2008,31.022511
16,4,2009,31.355534
16,4,2010,32.415871
16,4,2011,33.023373
16,4,2012,33.281662
16,4,2013,34.131176
16,4,2014,35.209499
16,4,2015,36.266994
16,4,2016,36.531628
16,3,2000,35.872776
16,3,2003,36.957314
16,3,2004,38.462265
16,3,2005,39.401237
16,3,2006,40.362099
16,3,2007,41.661633
16,3,2008,42.23674
16,3,2009,43.27985
16,3,2010,43.969322
16,3,2011,45.724716
16,3,2012,46.156898
16,3,2013,47.075142
16,3,2014,48.469807
16,3,2015,49.341976
16,3,2016,50.7971
17,4,1981,11.210862
17,4,1989,14.125678
17,4,1991,15.401535
17,4,1992,16.332909
17,4,1994,17.701109
17,4,1995,18.357353
17,4,1997,19.722708
17,4,1998,20.113913
17,4,1999,21.008406
17,4,2000,21.128117
17,4,2001,22.476124
17,4,2002,23.09079
17,4,2003,23.044415
17,4,2004,23.301405
17,4,2005,24.25996
17,4,2006,24.740557
17,4,2007,25.263466
17,4,2008,25.313351
17,4,2009,26.667507
17,4,2010,27.267246
17,4,2011,28.037289
17,4,2012,28.958441
17,4,2013,30.071928
17,4,2014,31.197784
17,4,2015,31.506598
17,4,2016,32.173527
17,3,1981,10.557167
17,3,1989,13.397391
17,3,1991,14.894364
17,3,1992,15.635099
17,3,1994,17.900284
17,3,1995,18.855011
17,3,1997,20.317392
17,3,1998,21.06875
17,3,1999,21.89205
17,3,2000,22.027519
17,3,2001,23.550108
17,3,2002,24.844231
17,3,2003,24.76334
17,3,2004,25.431391
17,3,2005,26.555849
17,3,2006,27.580599
17,3,2007,27.973269
17,3,2008,29.074776
17,3,2009,30.428736
17,3,2010,30.673267
17,3,2011,31.422382
17,3,2012,32.671661
17,3,2013,34.049885
17,3,2014,35.7752
17,3,2015,36.540623
17,3,2016,36.876068
12,4,1989,24.278873
12,4,1991,28.126867
12,4,1992,27.483477
12,4,1994,27.87669
12,4,1995,28.440056
12,4,1997,28.167202
12,4,1998,28.425337
12,4,1999,28.095596
12,4,2000,28.557259
12,4,2001,28.138994
12,4,2002,28.13942
12,4,2003,28.498774
12,4,2004,29.182915
12,4,2005,28.803308
12,4,2006,27.71159
12,4,2007,27.834398
12,4,2008,28.949875
12,4,2009,29.675966
12,4,2010,29.818239
12,4,2011,30.199104
12,4,2012,30.480848
12,4,2013,30.58095
12,4,2014,30.447104
12,4,2015,30.822794
12,4,2016,31.311701
12,3,1989,10.403635
12,3,1991,15.296329
12,3,1992,15.162838
12,3,1994,16.095867
12,3,1995,16.574541
12,3,1997,16.959478
12,3,1998,17.424431
12,3,1999,17.549835
12,3,2000,18.325188
12,3,2001,18.192644
12,3,2002,18.611786
12,3,2003,19.370392
12,3,2004,20.601019
12,3,2005,20.297405
12,3,2006,20.147552
12,3,2007,20.749664
12,3,2008,21.83062
12,3,2009,23.066357
12,3,2010,23.37282
12,3,2011,24.903835
12,3,2012,25.742893
12,3,2013,26.347219
12,3,2014,23.663828
12,3,2015,24.437277
12,3,2016,25.228304
19,4,1987,11.011922
19,4,1988,11.966572
19,4,1989,12.310334
19,4,1990,12.797157
19,4,1991,13.08744
19,4,1992,14.902932
19,4,1993,15.453542
19,4,1994,16.394541
19,4,1995,16.629618
19,4,1996,17.611343
19,4,1997,17.982656
19,4,1998,18.76153
19,4,1999,19.319887
19,4,2000,19.689165
19,4,2001,19.751606
19,4,2002,20.260656
19,4,2003,20.686693
19,4,2004,22.874361
19,4,2005,22.647758
19,4,2006,23.567255
19,4,2007,24.120693
19,4,2008,24.248762
19,4,2009,24.01519
19,4,2010,24.945505
19,4,2011,26.24349
19,4,2012,26.705133
19,4,2013,27.32473
19,4,2014,27.690657
19,4,2015,28.011593
19,4,2016,28.513227
19,3,1987,6.6999474
19,3,1988,7.3937535
19,3,1989,7.7682757
19,3,1990,8.4336395
19,3,1991,9.0289335
19,3,1992,9.7544556
19,3,1993,10.67055
19,3,1994,11.546397
19,3,1995,12.074759
19,3,1996,12.831325
19,3,1997,13.433756
19,3,1998,15.053772
19,3,1999,15.416656
19,3,2000,15.715105
19,3,2001,16.416426
19,3,2002,17.347368
19,3,2003,17.931763
19,3,2004,19.71912
19,3,2005,20.311262
19,3,2006,21.305334
19,3,2007,21.682127
19,3,2008,22.832247
19,3,2009,23.30374
19,3,2010,24.547791
19,3,2011,25.98332
19,3,2012,26.733065
19,3,2013,27.519138
19,3,2014,28.51054
19,3,2015,30.0784
19,3,2016,31.91032
20,4,1997,12.258694
20,4,1998,12.957996
20,4,1999,13.204467
20,4,2000,13.708835
20,4,2001,13.508534
20,4,2002,13.814663
20,4,2003,14.853356
20,4,2004,15.913669
20,4,2005,15.858085
20,4,2006,16.292395
20,4,2007,16.442116
20,4,2008,17.300709
20,4,2009,17.471045
20,4,2010,17.631626
20,4,2011,18.672935
20,4,2012,19.088211
20,4,2013,19.357929
20,4,2014,20.240128
20,4,2015,21.039064
20,4,2016,20.482416
20,3,1997,12.178566
20,3,1998,13.363412
20,3,1999,13.808351
20,3,2000,14.352439
20,3,2001,14.429396
20,3,2002,14.5824
20,3,2003,15.942147
20,3,2004,17.531971
20,3,2005,18.237226
20,3,2006,19.022438
20,3,2007,19.560244
20,3,2008,20.988491
20,3,2009,22.124817
20,3,2010,22.49086
20,3,2011,23.469839
20,3,2012,24.860256
20,3,2013,25.501186
20,3,2014,26.337843
20,3,2015,27.318335
20,3,2016,26.829664
24,4,2003,25.557198
24,4,2004,26.168198
24,4,2005,26.831276
24,4,2006,26.779726
24,4,2007,28.104771
24,4,2008,28.676628
24,4,2009,29.253628
24,4,2010,27.518684
24,4,2011,28.105434
24,4,2012,28.847036
24,4,2013,29.771448
24,4,2014,30.90213
24,4,2015,31.442921
24,4,2016,32.87204
24,3,2003,30.194607
24,3,2004,29.742111
24,3,2005,32.168613
24,3,2006,34.301445
24,3,2007,33.744808
24,3,2008,34.75301
24,3,2009,36.736088
24,3,2010,37.840931
24,3,2011,39.501953
24,3,2012,41.269173
24,3,2013,42.471531
24,3,2014,43.302914
24,3,2015,46.322239
24,3,2016,48.270401
23,4,1989,15.597403
23,4,1991,17.08877
23,4,1992,17.708334
23,4,1994,19.482422
23,4,1995,20.489443
23,4,2000,21.394621
23,4,2001,23.044838
23,4,2002,23.946341
23,4,2003,25.761391
23,4,2004,26.917305
23,4,2005,27.55798
23,4,2006,28.674448
23,4,2007,29.777639
23,4,2008,30.996067
23,4,2009,32.987625
23,4,2010,34.375969
23,4,2011,34.86573
23,4,2012,36.214603
23,4,2013,37.618668
23,4,2014,37.234863
23,4,2015,38.907608
23,3,1989,13.910417
23,3,1991,14.699014
23,3,1992,16.195951
23,3,1994,17.637775
23,3,1995,19.298876
23,3,2000,21.831142
23,3,2001,24.108467
23,3,2002,25.679022
23,3,2003,26.85405
23,3,2004,28.722975
23,3,2005,30.596048
23,3,2006,33.539158
23,3,2007,35.029663
23,3,2008,36.824852
23,3,2009,38.652878
23,3,2010,40.753574
23,3,2011,41.405052
23,3,2012,43.099594
23,3,2013,45.214443
23,3,2014,44.563564
23,3,2015,46.547295
26,4,1989,6.6544938
26,4,1991,6.9744005
26,4,1992,7.3388386
26,4,1994,8.4944382
26,4,1995,8.8138494
26,4,1998,9.1653938
26,4,1999,9.6621704
26,4,2000,9.6920595
26,4,2001,10.217789
26,4,2002,10.490117
26,4,2003,10.457656
26,4,2004,11.086323
26,4,2005,11.61266
26,4,2006,12.059491
26,4,2007,12.469914
26,4,2008,12.992508
26,4,2009,13.014586
26,4,2010,13.249471
26,4,2011,13.394026
26,4,2012,13.924894
26,4,2013,14.428825
26,4,2014,14.910445
26,4,2015,15.262836
26,4,2016,15.286468
26,3,1989,4.7122464
26,3,1991,5.1844144
26,3,1992,5.445128
26,3,1994,6.5385609
26,3,1995,7.0455132
26,3,1998,8.0277414
26,3,1999,8.8876667
26,3,2000,9.0649252
26,3,2001,9.881321
26,3,2002,10.246637
26,3,2003,10.462543
26,3,2004,12.093648
26,3,2005,12.830312
26,3,2006,13.678071
26,3,2007,14.676938
26,3,2008,15.708399
26,3,2009,15.989163
26,3,2010,16.332973
26,3,2011,16.449827
26,3,2012,17.459343
26,3,2013,18.117186
26,3,2014,18.865322
26,3,2015,19.778906
26,3,2016,20.106771
27,4,1997,34.132786
27,4,1998,33.546513
27,4,1999,34.904568
27,4,2000,36.614853
27,4,2001,36.536247
27,4,2002,38.774326
27,4,2003,39.377182
27,4,2004,40.590618
27,4,2005,41.445644
27,4,2006,41.926929
27,4,2007,42.311111
27,4,2008,43.895176
27,4,2009,44.717152
27,4,2010,45.498199
27,4,2011,46.807171
27,4,2012,46.759121
27,4,2013,47.522934
27,4,2014,48.136646
27,4,2015,49.558918
27,4,2016,50.335358
27,3,1997,26.944363
27,3,1998,27.724775
27,3,1999,28.801844
27,3,2000,30.635012
27,3,2001,31.749212
27,3,2002,34.391228
27,3,2003,35.481075
27,3,2004,36.810345
27,3,2005,38.443737
27,3,2006,39.00938
27,3,2007,39.739414
27,3,2008,41.7906
27,3,2009,42.810066
27,3,2010,44.1203
27,3,2011,45.922207
27,3,2012,46.479298
27,3,2013,47.100338
27,3,2014,48.233822
27,3,2015,49.524113
27,3,2016,50.659801
28,4,1995,23.913776
28,4,1997,25.464022
28,4,1998,28.778856
28,4,1999,29.162922
28,4,2000,29.892063
28,4,2001,30.749146
28,4,2002,31.679579
28,4,2003,35.303257
28,4,2004,36.172173
28,4,2005,36.917854
28,4,2006,37.902393
28,4,2007,39.45517
28,4,2008,41.241158
28,4,2009,43.780327
28,4,2010,44.476376
28,4,2011,44.779762
28,4,2012,45.832802
28,4,2013,47.069256
28,4,2014,48.311783
28,4,2015,49.062271
28,4,2016,50.269043
28,3,1995,12.187769
28,3,1997,13.965126
28,3,1998,16.099754
28,3,1999,17.043734
28,3,2000,17.889215
28,3,2001,19.13439
28,3,2002,20.302498
28,3,2003,23.52323
28,3,2004,24.697187
28,3,2005,26.212856
28,3,2006,27.886124
28,3,2007,29.697611
28,3,2008,31.776896
28,3,2009,33.538799
28,3,2010,34.976521
28,3,2011,35.940044
28,3,2012,37.551163
28,3,2013,39.086296
28,3,2014,40.757504
28,3,2015,41.839802
28,3,2016,43.355274
30,4,2000,20.785879
30,4,2005,28.944874
30,4,2006,25.705017
30,4,2007,27.906462
30,4,2008,29.348513
30,4,2009,37.581799
30,4,2010,38.884422
30,4,2011,39.482323
30,4,2012,41.909679
30,4,2013,41.89661
30,4,2014,47.82814
30,4,2015,39.599579
30,4,2016,42.995258
30,3,2000,15.713726
30,3,2005,24.111813
30,3,2006,22.30344
30,3,2007,25.141441
30,3,2008,25.911573
30,3,2009,31.958441
30,3,2010,32.022472
30,3,2011,34.525772
30,3,2012,36.237282
30,3,2013,39.411995
30,3,2014,43.9907
30,3,2015,39.998001
30,3,2016,42.706947
32,4,1997,16.892065
32,4,1998,17.084024
32,4,1999,16.332598
32,4,2000,17.868587
32,4,2001,18.459782
32,4,2002,18.415346
32,4,2003,18.621986
32,4,2004,19.496887
32,4,2005,15.130651
32,4,2006,15.458891
32,4,2007,15.772163
32,4,2008,15.662516
32,4,2009,16.192701
32,4,2010,16.31839
32,4,2011,16.553083
32,4,2012,17.155567
32,4,2013,17.27128
32,4,2014,17.076834
32,4,2015,17.442137
32,4,2016,17.931393
32,3,1997,9.9765892
32,3,1998,10.213921
32,3,1999,10.314436
32,3,2000,11.787515
32,3,2001,12.193707
32,3,2002,12.712215
32,3,2003,12.88608
32,3,2004,14.009907
32,3,2005,10.656567
32,3,2006,11.367753
32,3,2007,11.644622
32,3,2008,11.943851
32,3,2009,12.663967
32,3,2010,13.19238
32,3,2011,13.649809
32,3,2012,14.435471
32,3,2013,15.256807
32,3,2014,15.048493
32,3,2015,15.255282
32,3,2016,15.838044
33,4,1990,22.030937
33,4,1991,22.531769
33,4,1992,23.798077
33,4,1994,24.457035
33,4,1995,24.924295
33,4,1998,27.289211
33,4,2000,26.100851
33,4,2001,25.742794
33,4,2002,27.422941
33,4,2003,30.133541
33,4,2004,32.069435
33,4,2005,32.676991
33,4,2006,32.231956
33,4,2007,32.871872
33,4,2008,34.200722
33,4,2009,34.539516
33,4,2010,34.22699
33,4,2011,33.408222
33,4,2012,35.523708
33,4,2013,34.755119
33,4,2014,34.844147
33,4,2015,35.696461
33,4,2016,36.032528
33,3,1990,16.270754
33,3,1991,16.557789
33,3,1992,17.830608
33,3,1994,18.239147
33,3,1995,18.931225
33,3,1998,21.069767
33,3,2000,20.581749
33,3,2001,20.608261
33,3,2002,22.565882
33,3,2003,24.90634
33,3,2004,26.959208
33,3,2005,27.521421
33,3,2006,28.130663
33,3,2007,28.725107
33,3,2008,30.125334
33,3,2009,31.024853
33,3,2010,30.543089
33,3,2011,30.674158
33,3,2012,33.271935
33,3,2013,32.981159
33,3,2014,33.994911
33,3,2015,34.965019
33,3,2016,35.965878
35,4,2014,32.661697
35,4,2015,30.899937
35,4,2016,33.445648
35,3,2014,38.359295
35,3,2015,36.946754
35,3,2016,38.903072
34,4,1981,17.724005
34,4,1989,25.192308
34,4,1991,26.828817
34,4,1992,27.152542
34,4,1994,28.344973
34,4,1995,29.093939
34,4,2005,30
34,4,2006,29.855354
34,4,2007,31.025473
34,4,2008,32.155869
34,4,2009,32.496845
34,4,2010,33.543308
34,4,2011,33.906898
34,4,2012,34.009777
34,4,2013,34.774326
34,4,2014,37.583115
34,4,2015,38.427513
34,4,2016,38.396145
34,3,1981,13.496463
34,3,1989,20.456802
34,3,1991,22.736868
34,3,1992,23.351435
34,3,1994,26.341339
34,3,1995,28.157124
34,3,2005,35.470303
34,3,2006,36.092495
34,3,2007,37.470528
34,3,2008,39.98362
34,3,2009,41.044899
34,3,2010,41.171658
34,3,2011,42.356129
34,3,2012,43.339031
34,3,2013,45.019245
34,3,2014,46.135193
34,3,2015,47.20348
34,3,2016,47.866173
36,4,1995,11.476972
36,4,1997,10.114162
36,4,1998,10.306697
36,4,1999,10.648765
36,4,2000,10.245693
36,4,2001,10.602324
36,4,2002,11.16184
36,4,2003,12.716558
36,4,2004,14.055293
36,4,2005,14.78816
36,4,2006,15.662543
36,4,2007,15.996288
36,4,2008,16.592894
36,4,2009,17.732765
36,4,2010,18.926443
36,4,2011,19.445086
36,4,2012,20.423178
36,4,2013,21.447603
36,4,2014,22.512486
36,4,2015,22.828283
36,4,2016,23.41297
36,3,1995,14.758945
36,3,1997,10.338581
36,3,1998,11.378987
36,3,1999,11.884145
36,3,2000,12.444401
36,3,2001,13.131769
36,3,2002,13.968127
36,3,2003,15.578544
36,3,2004,17.313082
36,3,2005,19.000616
36,3,2006,20.043896
36,3,2007,21.277384
36,3,2008,22.416042
36,3,2009,24.428253
36,3,2010,25.944473
36,3,2011,27.051256
36,3,2012,28.530373
36,3,2013,29.991989
36,3,2014,31.410196
36,3,2015,32.596737
36,3,2016,33.939568
37,4,1994,9.6835575
37,4,1995,9.846962
37,4,1998,7.0072937
37,4,1999,7.6060624
37,4,2000,7.579196
37,4,2001,7.606348
37,4,2002,7.3047819
37,4,2003,8.8033485
37,4,2004,10.231366
37,4,2005,10.642068
37,4,2006,11.274374
37,4,2007,11.032199
37,4,2008,11.47842
37,4,2009,11.949241
37,4,2010,12.255494
37,4,2011,14.522358
37,4,2012,15.575831
37,4,2013,15.417459
37,4,2014,17.184139
37,4,2015,18.444221
37,4,2016,19.392345
37,3,1994,11.556779
37,3,1995,12.084323
37,3,1998,9.5282602
37,3,1999,9.699892
37,3,2000,10.041828
37,3,2001,10.787923
37,3,2002,11.436745
37,3,2003,13.026073
37,3,2004,14.71818
37,3,2005,14.966615
37,3,2006,15.609464
37,3,2007,16.259005
37,3,2008,17.029045
37,3,2009,17.297443
37,3,2010,18.538366
37,3,2011,19.913658
37,3,2012,21.41597
37,3,2013,23.073732
37,3,2014,25.902826
37,3,2015,26.917894
37,3,2016,27.933044
39,4,1997,11.651806
39,4,1998,11.42451
39,4,1999,11.041359
39,4,2000,10.959901
39,4,2001,11.300043
39,4,2002,10.847263
39,4,2003,11.806131
39,4,2004,12.776643
39,4,2005,14.613985
39,4,2006,15.167458
39,4,2007,14.134305
39,4,2008,14.460915
39,4,2009,14.884904
39,4,2010,15.694606
39,4,2011,16.824114
39,4,2012,16.695482
39,4,2013,17.869171
39,4,2014,18.226486
39,4,2015,18.404339
39,4,2016,18.87179
39,3,1997,9.3868341
39,3,1998,9.1972275
39,3,1999,9.1207533
39,3,2000,9.8055792
39,3,2001,10.596579
39,3,2002,11.067083
39,3,2003,11.764061
39,3,2004,12.777056
39,3,2005,13.411284
39,3,2006,13.981843
39,3,2007,14.735466
39,3,2008,15.060336
39,3,2009,16.626591
39,3,2010,18.939117
39,3,2011,20.399017
39,3,2012,21.252121
39,3,2013,21.877571
39,3,2014,22.530985
39,3,2015,23.898914
39,3,2016,25.099613
14,4,1981,7.0617447
14,4,1989,10.286381
14,4,1991,10.701298
14,4,1992,14.738846
14,4,1994,16.411371
14,4,1995,17.52919
14,4,1997,20.223383
14,4,1998,21.131647
14,4,1999,22.311453
14,4,2000,23.551453
14,4,2001,24.345806
14,4,2002,25.166859
14,4,2003,25.760103
14,4,2004,26.523417
14,4,2005,28.196224
14,4,2006,28.268433
14,4,2007,28.610725
14,4,2008,28.865133
14,4,2009,28.886629
14,4,2010,29.568083
14,4,2011,30.52334
14,4,2012,31.075237
14,4,2013,32.047512
14,4,2014,32.813118
14,4,2015,32.657227
14,4,2016,32.98119
14,3,1981,4.2181058
14,3,1989,8.3406839
14,3,1991,9.108222
14,3,1992,11.454362
14,3,1994,13.634652
14,3,1995,14.727563
14,3,1997,18.009117
14,3,1998,19.19536
14,3,1999,20.210491
14,3,2000,21.862101
14,3,2001,23.1574
14,3,2002,24.674786
14,3,2003,25.490288
14,3,2004,26.976271
14,3,2005,28.846592
14,3,2006,29.3603
14,3,2007,29.956184
14,3,2008,30.188587
14,3,2009,31.115898
14,3,2010,32.491753
14,3,2011,33.326809
14,3,2012,34.241261
14,3,2013,35.431107
14,3,2014,36.547832
14,3,2015,37.504776
14,3,2016,38.397327
41,4,1981,16.902939
41,4,1989,22.740248
41,4,1991,24.903376
41,4,1992,25.4154
41,4,1994,25.781836
41,4,1995,27.135748
41,4,1997,26.233829
41,4,1998,26.474819
41,4,1999,27.095663
41,4,2000,28.110241
41,4,2001,29.704935
41,4,2002,30.346062
41,4,2003,31.010715
41,4,2004,31.638466
41,4,2005,25.071199
41,4,2006,25.998913
41,4,2007,26.804079
41,4,2008,27.286299
41,4,2009,28.141668
41,4,2010,28.961029
41,4,2011,29.544264
41,4,2012,30.078955
41,4,2013,31.174072
41,4,2014,32.535137
41,4,2015,33.02187
41,4,2016,34.458351
41,3,1981,16.361891
41,3,1989,23.941607
41,3,1991,25.576601
41,3,1992,26.258766
41,3,1994,28.307768
41,3,1995,29.530975
41,3,1997,28.875975
41,3,1998,29.554188
41,3,1999,30.452808
41,3,2000,32.199219
41,3,2001,33.559277
41,3,2002,34.85194
41,3,2003,35.901234
41,3,2004,37.503696
41,3,2005,34.353493
41,3,2006,35.169765
41,3,2007,35.980637
41,3,2008,36.906319
41,3,2009,38.117825
41,3,2010,38.915661
41,3,2011,40.965481
41,3,2012,41.47477
41,3,2013,43.063572
41,3,2014,45.048241
41,3,2015,46.754311
41,3,2016,48.042187
6,4,1989,35.643566
6,4,1991,29.012476
6,4,1992,30.206348
6,4,1994,31.766394
6,4,1995,31.392508
6,4,1997,31.715725
6,4,1998,33.059189
6,4,1999,33.624428
6,4,2000,33.931194
6,4,2001,35.070282
6,4,2002,34.223694
6,4,2003,35.763031
6,4,2004,37.215832
6,4,2005,37.458458
6,4,2006,38.503948
6,4,2007,39.467419
6,4,2008,41.566307
6,4,2009,42.763367
6,4,2010,40.156902
6,4,2011,39.874985
6,4,2012,41.201698
6,4,2013,43.047722
6,4,2014,43.59951
6,4,2015,44.213116
6,4,2016,45.940552
6,3,1989,15.212227
6,3,1991,11.43975
6,3,1992,11.668301
6,3,1994,11.111587
6,3,1995,10.856908
6,3,1997,12.634748
6,3,1998,12.829616
6,3,1999,13.608197
6,3,2000,14.438147
6,3,2001,15.762383
6,3,2002,16.560152
6,3,2003,17.996794
6,3,2004,18.973225
6,3,2005,20.074846
6,3,2006,21.204809
6,3,2007,23.185186
6,3,2008,25.715227
6,3,2009,27.210806
6,3,2010,27.546822
6,3,2011,28.06905
6,3,2012,29.316168
6,3,2013,31.693689
6,3,2014,33.176338
6,3,2015,35.279415
6,3,2016,36.458977
42,4,1991,7.5748739
42,4,1992,6.6192346
42,4,1994,8.2041521
42,4,1995,9.6747255
42,4,1997,8.8831902
42,4,1998,8.8430605
42,4,1999,9.3955412
42,4,2000,9.6295271
42,4,2001,9.7764606
42,4,2002,10.597614
42,4,2003,11.379658
42,4,2004,11.420965
42,4,2005,11.905375
42,4,2006,12.532948
42,4,2007,12.924713
42,4,2008,13.642329
42,4,2009,14.15733
42,4,2010,14.764297
42,4,2011,15.678202
42,4,2012,16.887274
42,4,2013,17.498672
42,4,2014,18.234095
42,4,2015,19.456432
42,4,2016,20.724001
42,3,1991,4.4307685
42,3,1992,2.8581679
42,3,1994,5.29741
42,3,1995,6.6455889
42,3,1997,5.8980436
42,3,1998,5.6745639
42,3,1999,6.4062428
42,3,2000,6.7412806
42,3,2001,6.7813683
42,3,2002,7.3541102
42,3,2003,7.6899786
42,3,2004,7.5607066
42,3,2005,8.2725058
42,3,2006,9.0134163
42,3,2007,9.3783531
42,3,2008,10.178893
42,3,2009,11.04001
42,3,2010,11.218709
42,3,2011,12.137356
42,3,2012,13.454704
42,3,2013,14.094731
42,3,2014,14.930908
42,3,2015,16.383751
42,3,2016,17.828663
18,4,1997,23.647005
18,4,1998,24.895714
18,4,1999,26.058624
18,4,2000,26.742617
18,4,2001,26.892696
18,4,2002,27.186964
18,4,2003,28.548672
18,4,2004,29.734781
18,4,2005,29.918507
18,4,2006,34.117474
18,4,2007,35.376858
18,4,2008,35.157639
18,4,2009,36.860756
18,4,2010,38.078377
18,4,2011,39.054924
18,4,2012,40.365162
18,4,2013,40.777828
18,4,2014,40.906902
18,4,2015,43.469074
18,4,2016,45.464314
18,3,1997,21.390516
18,3,1998,22.577459
18,3,1999,23.56937
18,3,2000,24.544714
18,3,2001,25.302448
18,3,2002,26.46838
18,3,2003,27.405865
18,3,2004,28.911596
18,3,2005,29.482952
18,3,2006,34.272907
18,3,2007,35.710945
18,3,2008,35.273495
18,3,2009,37.106785
18,3,2010,38.29401
18,3,2011,39.763615
18,3,2012,41.580528
18,3,2013,42.991165
18,3,2014,43.496193
18,3,2015,44.909252
18,3,2016,46.447029
43,4,1981,23.197666
43,4,1982,23.95323
43,4,1983,25.164395
43,4,1984,25.319255
43,4,1985,25.524071
43,4,1986,25.374957
43,4,1987,25.793174
43,4,1988,26.21416
43,4,1989,26.707789
43,4,1990,26.522311
43,4,1991,26.188851
43,4,1992,31.896538
43,4,1993,33.102524
43,4,1994,33.761494
43,4,1995,34.898369
43,4,1996,34.691181
43,4,1997,34.615559
43,4,1998,35.487221
43,4,1999,36.516602
43,4,2000,36.878101
43,4,2001,37.539955
43,4,2002,37.963535
43,4,2003,37.905041
43,4,2004,38.438286
43,4,2005,37.947601
43,4,2006,38.340942
43,4,2007,38.767502
43,4,2008,39.341179
43,4,2009,38.974968
43,4,2010,39.286079
43,4,2011,40.254238
43,4,2012,40.880066
43,4,2013,41.350658
43,4,2014,41.449047
43,4,2015,41.735706
43,4,2016,42.716476
43,3,1981,15.264767
43,3,1982,15.842551
43,3,1983,16.941057
43,3,1984,17.676466
43,3,1985,18.199774
43,3,1986,18.415201
43,3,1987,18.898598
43,3,1988,19.293891
43,3,1989,20.579541
43,3,1990,20.899049
43,3,1991,21.411994
43,3,1992,28.510414
43,3,1993,29.642122
43,3,1994,30.767853
43,3,1995,31.711979
43,3,1996,33.167648
43,3,1997,33.52882
43,3,1998,34.27697
43,3,1999,35.037582
43,3,2000,36.128067
43,3,2001,37.501244
43,3,2002,38.296085
43,3,2003,38.920006
43,3,2004,39.64632
43,3,2005,40.124405
43,3,2006,40.598663
43,3,2007,41.730682
43,3,2008,42.823307
43,3,2009,43.397057
43,3,2010,43.973343
43,3,2011,44.586857
43,3,2012,45.133545
43,3,2013,46.359722
43,3,2014,46.897011
43,3,2015,47.412323
43,3,2016,48.507526
45,4,2004,14.196757
45,4,2005,15.078322
45,4,2006,14.619519
45,4,2008,15.806544
45,4,2009,15.809969
45,4,2011,16.613184
45,4,2012,16.450983
45,4,2013,17.356253
45,4,2014,16.575903
45,3,2004,18.869257
45,3,2005,19.570387
45,3,2006,20.699968
45,3,2008,21.795214
45,3,2009,22.821455
45,3,2011,23.598553
45,3,2012,24.307671
45,3,2013,24.394379
45,3,2014,24.082304
4,4,2007,8.6794672
4,4,2008,9.4541426
4,4,2009,9.7053852
4,4,2011,10.218488
4,4,2012,11.10502
4,4,2013,11.730762
4,4,2014,12.018951
4,4,2015,12.590186
4,3,2007,10.483443
4,3,2008,12.012922
4,3,2009,11.914505
4,3,2011,12.884999
4,3,2012,14.725452
4,3,2013,15.589705
4,3,2014,16.425022
4,3,2015,16.803698
7,4,2009,17.109118
7,4,2011,17.908915
7,4,2013,21.040022
7,4,2015,22.454159
7,3,2009,17.131065
7,3,2011,17.731251
7,3,2013,21.132866
7,3,2015,22.493267
8,4,2010,10.760453
8,3,2010,8.5629225
9,4,2014,20.628479
9,4,2015,19.608345
9,4,2016,20.174047
9,3,2014,23.951704
9,3,2015,23.391415
9,3,2016,24.191235
15,4,1997,24.160566
15,4,1998,23.485497
15,4,1999,22.422453
15,4,2000,21.464544
15,4,2001,22.723341
15,4,2002,22.654995
15,4,2003,23.011353
15,4,2004,23.616859
15,4,2005,26.641077
15,4,2006,26.982605
15,4,2007,25.973307
15,4,2008,26.201738
15,4,2009,26.493443
15,4,2010,26.480659
15,4,2011,28.079679
15,4,2012,28.885132
15,4,2013,28.258377
15,4,2014,28.447504
15,4,2015,28.332598
15,4,2016,29.157036
15,3,1997,35.146767
15,3,1998,35.281303
15,3,1999,34.441845
15,3,2000,35.187653
15,3,2001,35.603615
15,3,2002,35.443844
15,3,2003,35.695816
15,3,2004,37.194561
15,3,2005,38.865856
15,3,2006,38.761127
15,3,2007,39.773857
15,3,2008,41.563114
15,3,2009,44.962532
15,3,2010,43.77713
15,3,2011,45.152157
15,3,2012,45.828297
15,3,2013,45.959515
15,3,2014,46.141506
15,3,2015,47.362286
15,3,2016,48.067318
21,4,2009,6.8701391
21,4,2010,7.3055806
21,4,2013,8.7320738
21,4,2015,10.045042
21,3,2009,5.9308205
21,3,2010,6.6456056
21,3,2013,7.8413353
21,3,2015,9.4888554
25,4,2002,39.831264
25,4,2003,40.250072
25,4,2005,40.188377
25,4,2007,39.907951
25,4,2008,40.722355
25,4,2009,40.913353
25,4,2010,41.62141
25,4,2011,43.148518
25,4,2012,41.942001
25,4,2013,42.87558
25,4,2014,43.871922
25,4,2015,44.526859
25,4,2016,45.177593
25,3,2002,44.275032
25,3,2003,45.457832
25,3,2005,45.806358
25,3,2007,47.1464
25,3,2008,47.134624
25,3,2009,48.661175
25,3,2010,49.3806
25,3,2011,49.553558
25,3,2012,50.800053
25,3,2013,51.810978
25,3,2014,53.042099
25,3,2015,52.97908
25,3,2016,54.461967
31,4,1996,15.40836
31,4,1997,13.816815
31,4,1998,15.212976
31,4,1999,15.924373
31,4,2000,16.345989
31,4,2001,15.02216
31,4,2002,16.318783
31,4,2003,14.803778
31,4,2004,16.212927
31,4,2005,16.164032
31,4,2006,15.752575
31,4,2007,17.294107
31,4,2008,18.50391
31,4,2009,18.933725
31,4,2010,20.449883
31,4,2011,20.322981
31,4,2012,21.241619
31,4,2013,23.036503
31,4,2014,21.911348
31,4,2015,22.299984
31,4,2016,24.061266
31,3,1996,18.373289
31,3,1997,17.842968
31,3,1998,18.945898
31,3,1999,19.435244
31,3,2000,19.878185
31,3,2001,20.249584
31,3,2002,21.101116
31,3,2003,20.640921
31,3,2004,22.914892
31,3,2005,23.920837
31,3,2006,25.482559
31,3,2007,26.514925
31,3,2008,30.469065
31,3,2009,32.029045
31,3,2010,32.744148
31,3,2011,34.279606
31,3,2012,36.352661
31,3,2013,38.201538
31,3,2014,37.793896
31,3,2015,40.124584
31,3,2016,41.924561
38,4,2010,45.616051
38,4,2011,46.119095
38,4,2012,40.933582
38,4,2013,46.98896
38,4,2014,47.616943
38,4,2015,48.316128
38,3,2010,59.815063
38,3,2011,60.309822
38,3,2012,60.454269
38,3,2013,60.816971
38,3,2014,61.168377
38,3,2015,62.110504
54,4,2014,23.548378
54,3,2014,22.558393
40,4,2000,14.122491
40,4,2002,13.418317
40,4,2003,15.434653
40,4,2004,16.431631
40,4,2005,17.583389
40,4,2006,18.378719
40,4,2007,18.753334
40,4,2008,18.982487
40,4,2009,18.952723
40,4,2010,19.464472
40,4,2011,20.281788
40,4,2012,21.10297
40,4,2013,22.710682
40,4,2014,23.440107
40,4,2015,24.047276
40,4,2016,24.278795
40,3,2000,17.341646
40,3,2002,17.137419
40,3,2003,20.10025
40,3,2004,21.706018
40,3,2005,22.831985
40,3,2006,24.460098
40,3,2007,25.809883
40,3,2008,26.446932
40,3,2009,27.864328
40,3,2010,28.145533
40,3,2011,30.120878
40,3,2012,31.995443
40,3,2013,33.303898
40,3,2014,34.072308
40,3,2015,36.687336
40,3,2016,37.551964
44,4,2008,11.239678
44,4,2009,11.370091
44,4,2010,11.2173
44,4,2011,11.637701
44,4,2012,11.124957
44,4,2013,11.633977
44,4,2014,11.656501
44,4,2015,11.507605
44,3,2008,10.67281
44,3,2009,10.972096
44,3,2010,11.156733
44,3,2011,11.850924
44,3,2012,11.438445
44,3,2013,11.872191
44,3,2014,12.09624
44,3,2015,12.543431
57,4,1995,21.505279
57,4,1997,21.592416
57,4,1998,21.286814
57,4,1999,21.559214
57,4,2000,22.131465
57,4,2001,22.758009
57,4,2002,23.619493
57,4,2003,24.750251
57,4,2004,25.175253
57,4,2005,26.052357
57,4,2006,26.066791
57,4,2007,26.871409
57,4,2008,27.577159
57,4,2009,28.093141
57,4,2010,28.961817
57,4,2011,29.235687
57,4,2012,30.352556
57,4,2013,30.640548
57,4,2014,31.839553
57,4,2015,31.879859
57,4,2016,32.874306
57,3,1995,18.421393
57,3,1997,18.965776
57,3,1998,19.164492
57,3,1999,19.690964
57,3,2000,21.029365
57,3,2001,21.781521
57,3,2002,23.296552
57,3,2003,24.935239
57,3,2004,25.31001
57,3,2005,26.870422
57,3,2006,27.279831
57,3,2007,28.643717
57,3,2008,29.826905
57,3,2009,30.819173
57,3,2010,32.043048
57,3,2011,32.696941
57,3,2012,34.471483
57,3,2013,35.142933
57,3,2014,36.558989
57,3,2015,37.169823
57,3,2016,38.435346
54,1,2014,45.034447
54,2,2014,23.161575
54,5,2014,31.80398
45,1,2004,51.205463
45,1,2005,50.157974
45,1,2006,48.472809
45,1,2008,45.804825
45,1,2009,44.794254
45,1,2011,42.753086
45,1,2012,41.416412
45,1,2013,40.63517
45,1,2014,41.248135
45,2,2004,16.711861
45,2,2005,17.471054
45,2,2006,17.830963
45,2,2008,18.973812
45,2,2009,19.518599
45,2,2011,20.237337
45,2,2012,20.556124
45,2,2013,21.056189
45,2,2014,20.534544
45,5,2004,32.082676
45,5,2005,32.370968
45,5,2006,33.696232
45,5,2008,35.221363
45,5,2009,35.687149
45,5,2011,37.009579
45,5,2012,38.027462
45,5,2013,38.308643
45,5,2014,38.217319
22,1,2011,71.298172
22,2,2011,10.595189
22,5,2011,18.10664
22,4,2011,13.318929
22,3,2011,7.7748356
29,1,2000,15.770907
29,1,2005,12.498502
29,1,2006,11.679444
29,1,2007,11.068882
29,1,2008,9.4485025
29,1,2009,8.6813269
29,1,2010,8.1011848
29,1,2011,7.1331868
29,1,2012,6.6762033
29,1,2013,6.5573592
29,1,2014,8.8240929
29,1,2015,8.6442165
29,1,2016,7.4843569
29,2,2000,41.801403
29,2,2005,26.547928
29,2,2006,26.751383
29,2,2007,28.931429
29,2,2008,30.408518
29,2,2009,30.958277
29,2,2010,32.440029
29,2,2011,33.489258
29,2,2012,34.05378
29,2,2013,35.19833
29,2,2014,36.668087
29,2,2015,38.724106
29,2,2016,39.732628
29,5,2000,42.427689
29,5,2005,60.953571
29,5,2006,61.569172
29,5,2007,59.999691
29,5,2008,60.142979
29,5,2009,60.360397
29,5,2010,59.458786
29,5,2011,59.377556
29,5,2012,59.27002
29,5,2013,58.244312
29,5,2014,54.50782
29,5,2015,52.63168
29,5,2016,52.783016
29,4,2000,36.83659
29,4,2005,22.643324
29,4,2006,22.360903
29,4,2007,24.544004
29,4,2008,25.308851
29,4,2009,25.473921
29,4,2010,26.000668
29,4,2011,27.032896
29,4,2012,27.258413
29,4,2013,28.289999
29,4,2014,30.187037
29,4,2015,31.510479
29,4,2016,31.748549
29,3,2000,46.26981
29,3,2005,30.080574
29,3,2006,30.722498
29,3,2007,32.90799
29,3,2008,35.041939
29,3,2009,35.96101
29,3,2010,38.24588
29,3,2011,39.308311
29,3,2012,40.19408
29,3,2013,41.460518
29,3,2014,42.570419
29,3,2015,45.31752
29,3,2016,47.049824
10,1,1987,77.346848
10,1,1988,76.006599
10,1,1989,75.325371
10,1,1990,74.924744
10,1,1991,76.039444
10,1,1992,73.690758
10,1,1993,72.007347
10,1,1994,71.285805
10,1,1995,70.217255
10,1,1996,70.934433
10,1,1997,69.637726
10,1,1998,68.202065
10,1,1999,67.841637
10,1,2000,69.6353
10,1,2001,68.293747
10,1,2002,67.236092
10,1,2003,65.91481
10,1,2004,65.916557
10,1,2005,64.873169
10,1,2006,64.274269
10,1,2007,62.960529
10,1,2008,61.940212
10,1,2009,61.093235
10,1,2010,63.147984
10,1,2011,62.58416
10,1,2012,60.889778
10,1,2013,59.697968
10,1,2014,59.457653
10,1,2015,60.632359
10,1,2016,60.063385
10,2,1987,10.092978
10,2,1988,10.915986
10,2,1989,11.685454
10,2,1990,11.914576
10,2,1991,10.755275
10,2,1992,12.237103
10,2,1993,13.005966
10,2,1994,13.521868
10,2,1995,14.495959
10,2,1996,13.424905
10,2,1997,14.833283
10,2,1998,17.31354
10,2,1999,17.035275
10,2,2000,16.448679
10,2,2001,17.826429
10,2,2002,18.362774
10,2,2003,19.18364
10,2,2004,19.812418
10,2,2005,20.842731
10,2,2006,21.029402
10,2,2007,21.768053
10,2,2008,22.312418
10,2,2009,23.416771
10,2,2010,20.980572
10,2,2011,21.594719
10,2,2012,23.244442
10,2,2013,23.270735
10,2,2014,23.535925
10,2,2015,23.136086
10,2,2016,22.998714
10,5,1987,12.56017
10,5,1988,13.077413
10,5,1989,12.989176
10,5,1990,13.160681
10,5,1991,13.205277
10,5,1992,14.072138
10,5,1993,14.986683
10,5,1994,15.192326
10,5,1995,15.286785
10,5,1996,15.640663
10,5,1997,15.528994
10,5,1998,14.484394
10,5,1999,15.12309
10,5,2000,13.91602
10,5,2001,13.879825
10,5,2002,14.401133
10,5,2003,14.901548
10,5,2004,14.271029
10,5,2005,14.284099
10,5,2006,14.696331
10,5,2007,15.271419
10,5,2008,15.747368
10,5,2009,15.489995
10,5,2010,15.871445
10,5,2011,15.821122
10,5,2012,15.865781
10,5,2013,17.031296
10,5,2014,17.00642
10,5,2015,16.231556
10,5,2016,16.937899
10,4,1987,10.463483
10,4,1988,11.324109
10,4,1989,12.381783
10,4,1990,12.269634
10,4,1991,11.634244
10,4,1992,12.926917
10,4,1993,13.522913
10,4,1994,14.584819
10,4,1995,15.417627
10,4,1996,14.012602
10,4,1997,15.681939
10,4,1998,17.892851
10,4,1999,17.744062
10,4,2000,16.567589
10,4,2001,18.053553
10,4,2002,18.769146
10,4,2003,19.645773
10,4,2004,20.321369
10,4,2005,21.111923
10,4,2006,20.38575
10,4,2007,21.524483
10,4,2008,21.791302
10,4,2009,22.682451
10,4,2010,20.027973
10,4,2011,20.980396
10,4,2012,22.458946
10,4,2013,21.710941
10,4,2014,22.793673
10,4,2015,22.159082
10,4,2016,21.172318
10,3,1987,9.7411337
10,3,1988,10.528621
10,3,1989,11.043863
10,3,1990,11.583088
10,3,1991,9.9588661
10,3,1992,11.607765
10,3,1993,12.533188
10,3,1994,12.538079
10,3,1995,13.643369
10,3,1996,12.881759
10,3,1997,14.044616
10,3,1998,16.776888
10,3,1999,16.384277
10,3,2000,16.3312
10,3,2001,17.608408
10,3,2002,17.969522
10,3,2003,18.733418
10,3,2004,19.316385
10,3,2005,20.576881
10,3,2006,21.664228
10,3,2007,22.010872
10,3,2008,22.817001
10,3,2009,24.131628
10,3,2010,21.925285
10,3,2011,22.210791
10,3,2012,24.033546
10,3,2013,24.794907
10,3,2014,24.262573
10,3,2015,24.09667
10,3,2016,24.779873
56,1,2010,37.92458
56,1,2011,36.477381
56,2,2010,28.763758
56,2,2011,29.196655
56,5,2010,34.457821
56,5,2011,35.470458
56,4,2010,28.230896
56,4,2011,28.324874
56,3,2010,29.218765
56,3,2011,29.95671
