1,7,1960,67.9
1,7,1961,68
1,7,1962,67.8
1,7,1963,67.9
1,7,1964,67.5
1,7,1965,67.7
1,7,1966,67.6
1,7,1967,67.8
1,7,1968,67.5
1,7,1969,67.5
1,7,1970,67.4
1,7,1971,68.3
1,7,1972,68.6
1,7,1973,68.6
1,7,1974,68.4
1,7,1975,69.2
1,7,1976,69.3
1,7,1977,69.9
1,7,1978,70.2
1,7,1979,70.8
1,7,1980,71
1,7,1981,71.4
1,7,1982,71.2
1,7,1983,72.1
1,7,1984,72.5
1,7,1985,72.4
1,7,1986,72.9
1,7,1987,73.1
1,7,1988,73.1
1,7,1989,73.3
1,7,1990,73.9
1,7,1991,74.4
1,7,1992,74.5
1,7,1993,75
1,7,1994,75
1,7,1995,75
1,7,1996,75.2
1,7,1997,75.6
1,7,1998,75.9
1,7,1999,76.2
1,7,2000,76.6
1,7,2001,77
1,7,2002,77.4
1,7,2003,77.8
1,7,2004,78.1
1,7,2005,78.5
1,7,2006,78.7
1,7,2007,79
1,7,2008,79.2
1,7,2009,79.3
1,7,2010,79.5
1,7,2011,79.7
1,7,2012,79.9
1,7,2013,80.1
1,7,2014,80.3
1,7,2015,80.4
1,6,1960,70.9
1,6,1961,71.2
1,6,1962,71
1,6,1963,71.1
1,6,1964,70.7
1,6,1965,71
1,6,1966,70.8
1,6,1967,71.2
1,6,1968,70.9
1,6,1969,71.1
1,6,1970,70.8
1,6,1971,71.6
1,6,1972,72
1,6,1973,72.1
1,6,1974,71.9
1,6,1975,72.7
1,6,1976,72.8
1,6,1977,73.4
1,6,1978,73.7
1,6,1979,74.3
1,6,1980,74.6
1,6,1981,74.9
1,6,1982,74.7
1,6,1983,75.5
1,6,1984,75.8
1,6,1985,75.6
1,6,1986,76.1
1,6,1987,76.3
1,6,1988,76.3
1,6,1989,76.5
1,6,1990,77
1,6,1991,77.4
1,6,1992,77.5
1,6,1993,78
1,6,1994,78
1,6,1995,77.9
1,6,1996,78.2
1,6,1997,78.5
1,6,1998,78.7
1,6,1999,79
1,6,2000,79.3
1,6,2001,79.7
1,6,2002,80
1,6,2003,80.3
1,6,2004,80.6
1,6,2005,80.9
1,6,2006,81.1
1,6,2007,81.4
1,6,2008,81.5
1,6,2009,81.6
1,6,2010,81.8
1,6,2011,82
1,6,2012,82.1
1,6,2013,82.2
1,6,2014,82.4
1,6,2015,82.5
1,8,1960,73.9
1,8,1961,74.4
1,8,1962,74.2
1,8,1963,74.2
1,8,1964,73.9
1,8,1965,74.2
1,8,1966,74
1,8,1967,74.5
1,8,1968,74.2
1,8,1969,74.6
1,8,1970,74.2
1,8,1971,74.9
1,8,1972,75.4
1,8,1973,75.5
1,8,1974,75.4
1,8,1975,76.2
1,8,1976,76.3
1,8,1977,76.8
1,8,1978,77.2
1,8,1979,77.8
1,8,1980,78.1
1,8,1981,78.4
1,8,1982,78.2
1,8,1983,78.8
1,8,1984,79
1,8,1985,78.8
1,8,1986,79.2
1,8,1987,79.5
1,8,1988,79.5
1,8,1989,79.6
1,8,1990,80.1
1,8,1991,80.4
1,8,1992,80.4
1,8,1993,80.9
1,8,1994,80.9
1,8,1995,80.8
1,8,1996,81.1
1,8,1997,81.3
1,8,1998,81.5
1,8,1999,81.8
1,8,2000,82
1,8,2001,82.4
1,8,2002,82.6
1,8,2003,82.8
1,8,2004,83
1,8,2005,83.3
1,8,2006,83.5
1,8,2007,83.7
1,8,2008,83.7
1,8,2009,83.9
1,8,2010,84
1,8,2011,84.2
1,8,2012,84.3
1,8,2013,84.3
1,8,2014,84.4
1,8,2015,84.5
2,7,1960,65.4
2,7,1961,66.5
2,7,1962,66.3
2,7,1963,66.4
2,7,1964,66.8
2,7,1965,66.6
2,7,1966,66.9
2,7,1967,66.6
2,7,1968,66.8
2,7,1969,66.5
2,7,1970,66.5
2,7,1971,66.7
2,7,1972,67
2,7,1973,67.6
2,7,1974,67.5
2,7,1975,67.7
2,7,1976,68.2
2,7,1977,68.5
2,7,1978,68.5
2,7,1979,68.8
2,7,1980,69
2,7,1981,69.3
2,7,1982,69.4
2,7,1983,69.5
2,7,1984,70.1
2,7,1985,70.4
2,7,1986,71
2,7,1987,71.5
2,7,1988,71.9
2,7,1989,71.9
2,7,1990,72.3
2,7,1991,72.3
2,7,1992,72.5
2,7,1993,72.8
2,7,1994,73.2
2,7,1995,73.4
2,7,1996,73.7
2,7,1997,74.1
2,7,1998,74.5
2,7,1999,74.9
2,7,2000,75.2
2,7,2001,75.6
2,7,2002,75.8
2,7,2003,75.9
2,7,2004,76.4
2,7,2005,76.6
2,7,2006,77.1
2,7,2007,77.4
2,7,2008,77.7
2,7,2009,77.6
2,7,2010,77.8
2,7,2011,78.3
2,7,2012,78.4
2,7,2013,78.6
2,7,2014,79.1
2,7,2015,78.8
2,6,1960,68.7
2,6,1961,69.7
2,6,1962,69.4
2,6,1963,69.6
2,6,1964,70
2,6,1965,69.8
2,6,1966,70.2
2,6,1967,70
2,6,1968,70.2
2,6,1969,69.9
2,6,1970,70
2,6,1971,70.2
2,6,1972,70.6
2,6,1973,71.1
2,6,1974,71.1
2,6,1975,71.2
2,6,1976,71.7
2,6,1977,72
2,6,1978,72.1
2,6,1979,72.4
2,6,1980,72.6
2,6,1981,72.9
2,6,1982,73.1
2,6,1983,73.1
2,6,1984,73.7
2,6,1985,73.9
2,6,1986,74.4
2,6,1987,74.9
2,6,1988,75.3
2,6,1989,75.4
2,6,1990,75.7
2,6,1991,75.7
2,6,1992,75.9
2,6,1993,76.2
2,6,1994,76.5
2,6,1995,76.8
2,6,1996,77
2,6,1997,77.4
2,6,1998,77.8
2,6,1999,78
2,6,2000,78.2
2,6,2001,78.7
2,6,2002,78.8
2,6,2003,78.7
2,6,2004,79.3
2,6,2005,79.4
2,6,2006,80
2,6,2007,80.3
2,6,2008,80.5
2,6,2009,80.4
2,6,2010,80.7
2,6,2011,81.1
2,6,2012,81
2,6,2013,81.2
2,6,2014,81.6
2,6,2015,81.3
2,8,1960,71.9
2,8,1961,72.8
2,8,1962,72.5
2,8,1963,72.7
2,8,1964,73.2
2,8,1965,73
2,8,1966,73.4
2,8,1967,73.4
2,8,1968,73.5
2,8,1969,73.3
2,8,1970,73.5
2,8,1971,73.7
2,8,1972,74.1
2,8,1973,74.6
2,8,1974,74.7
2,8,1975,74.7
2,8,1976,75.1
2,8,1977,75.5
2,8,1978,75.7
2,8,1979,76
2,8,1980,76.1
2,8,1981,76.5
2,8,1982,76.7
2,8,1983,76.7
2,8,1984,77.3
2,8,1985,77.4
2,8,1986,77.8
2,8,1987,78.2
2,8,1988,78.7
2,8,1989,78.8
2,8,1990,79
2,8,1991,79.1
2,8,1992,79.3
2,8,1993,79.5
2,8,1994,79.8
2,8,1995,80.1
2,8,1996,80.2
2,8,1997,80.7
2,8,1998,81
2,8,1999,81
2,8,2000,81.2
2,8,2001,81.7
2,8,2002,81.7
2,8,2003,81.5
2,8,2004,82.1
2,8,2005,82.2
2,8,2006,82.8
2,8,2007,83.1
2,8,2008,83.3
2,8,2009,83.2
2,8,2010,83.5
2,8,2011,83.8
2,8,2012,83.6
2,8,2013,83.8
2,8,2014,84
2,8,2015,83.7
3,7,1960,66.8
3,7,1961,67.6
3,7,1962,67.4
3,7,1963,67.1
3,7,1964,67.8
3,7,1965,67.6
3,7,1966,67.8
3,7,1967,67.9
3,7,1968,67.6
3,7,1969,67.6
3,7,1970,67.9
3,7,1971,67.9
3,7,1972,68.2
3,7,1973,68.4
3,7,1974,68.8
3,7,1975,68.8
3,7,1976,68.9
3,7,1977,69.5
3,7,1978,69.4
3,7,1979,69.9
3,7,1980,69.9
3,7,1981,70.3
3,7,1982,70.6
3,7,1983,70.6
3,7,1984,71
3,7,1985,71.1
3,7,1986,71.4
3,7,1987,72
3,7,1988,72.2
3,7,1989,72.3
3,7,1990,72.7
3,7,1991,72.9
3,7,1992,73
3,7,1993,73
3,7,1994,73.4
3,7,1995,73.5
3,7,1996,73.9
3,7,1997,74.2
3,7,1998,74.4
3,7,1999,74.4
3,7,2000,74.6
3,7,2001,74.9
3,7,2002,75.1
3,7,2003,75.3
3,7,2004,76
3,7,2005,76.2
3,7,2006,76.6
3,7,2007,77.1
3,7,2008,76.9
3,7,2009,77.3
3,7,2010,77.5
3,7,2011,78
3,7,2012,77.8
3,7,2013,78.1
3,7,2014,78.8
3,7,2015,78.7
3,6,1960,69.8
3,6,1961,70.6
3,6,1962,70.3
3,6,1963,70.1
3,6,1964,70.9
3,6,1965,70.7
3,6,1966,70.8
3,6,1967,71.1
3,6,1968,70.8
3,6,1969,70.9
3,6,1970,71.1
3,6,1971,71.2
3,6,1972,71.5
3,6,1973,71.7
3,6,1974,72.1
3,6,1975,72.1
3,6,1976,72.2
3,6,1977,72.9
3,6,1978,72.8
3,6,1979,73.3
3,6,1980,73.3
3,6,1981,73.7
3,6,1982,74
3,6,1983,74
3,6,1984,74.5
3,6,1985,74.6
3,6,1986,74.8
3,6,1987,75.5
3,6,1988,75.7
3,6,1989,75.7
3,6,1990,76.1
3,6,1991,76.3
3,6,1992,76.5
3,6,1993,76.5
3,6,1994,76.8
3,6,1995,77
3,6,1996,77.3
3,6,1997,77.5
3,6,1998,77.6
3,6,1999,77.7
3,6,2000,77.8
3,6,2001,78.1
3,6,2002,78.2
3,6,2003,78.2
3,6,2004,79
3,6,2005,79.1
3,6,2006,79.5
3,6,2007,79.9
3,6,2008,79.8
3,6,2009,80.1
3,6,2010,80.3
3,6,2011,80.7
3,6,2012,80.5
3,6,2013,80.7
3,6,2014,81.4
3,6,2015,81.1
3,8,1960,72.8
3,8,1961,73.6
3,8,1962,73.2
3,8,1963,73.1
3,8,1964,73.9
3,8,1965,73.8
3,8,1966,73.8
3,8,1967,74.2
3,8,1968,73.9
3,8,1969,74.1
3,8,1970,74.2
3,8,1971,74.4
3,8,1972,74.8
3,8,1973,75
3,8,1974,75.3
3,8,1975,75.3
3,8,1976,75.5
3,8,1977,76.2
3,8,1978,76.1
3,8,1979,76.6
3,8,1980,76.7
3,8,1981,77.1
3,8,1982,77.3
3,8,1983,77.3
3,8,1984,78
3,8,1985,78.1
3,8,1986,78.2
3,8,1987,78.9
3,8,1988,79.1
3,8,1989,79.1
3,8,1990,79.5
3,8,1991,79.7
3,8,1992,79.9
3,8,1993,79.9
3,8,1994,80.2
3,8,1995,80.4
3,8,1996,80.7
3,8,1997,80.7
3,8,1998,80.7
3,8,1999,81
3,8,2000,81
3,8,2001,81.2
3,8,2002,81.2
3,8,2003,81.1
3,8,2004,81.9
3,8,2005,81.9
3,8,2006,82.3
3,8,2007,82.6
3,8,2008,82.6
3,8,2009,82.8
3,8,2010,83
3,8,2011,83.3
3,8,2012,83.1
3,8,2013,83.2
3,8,2014,83.9
3,8,2015,83.4
5,7,1961,68.4
5,7,1966,68.8
5,7,1971,69.3
5,7,1976,70.2
5,7,1979,71.4
5,7,1980,71.7
5,7,1981,71.9
5,7,1982,72
5,7,1983,72.3
5,7,1984,72.7
5,7,1985,72.9
5,7,1986,73.1
5,7,1987,73.3
5,7,1988,73.5
5,7,1989,73.7
5,7,1990,73.9
5,7,1991,74.3
5,7,1992,74.5
5,7,1993,74.7
5,7,1994,74.8
5,7,1995,74.9
5,7,1996,75.2
5,7,1997,75.4
5,7,1998,75.7
5,7,1999,76
5,7,2000,76.3
5,7,2001,76.6
5,7,2002,76.9
5,7,2003,77.1
5,7,2004,77.4
5,7,2005,77.6
5,7,2006,77.9
5,7,2007,78.1
5,7,2008,78.3
5,7,2009,78.5
5,7,2010,78.8
5,7,2011,79.1
5,7,2012,79.4
5,7,2013,79.6
5,6,1961,71.3
5,6,1966,72
5,6,1971,72.9
5,6,1976,73.9
5,6,1979,75.1
5,6,1980,75.3
5,6,1981,75.5
5,6,1982,75.6
5,6,1983,75.9
5,6,1984,76.2
5,6,1985,76.3
5,6,1986,76.5
5,6,1987,76.6
5,6,1988,76.8
5,6,1989,77
5,6,1990,77.2
5,6,1991,77.5
5,6,1992,77.7
5,6,1993,77.8
5,6,1994,77.9
5,6,1995,77.9
5,6,1996,78.1
5,6,1997,78.3
5,6,1998,78.5
5,6,1999,78.7
5,6,2000,79
5,6,2001,79.2
5,6,2002,79.4
5,6,2003,79.6
5,6,2004,79.8
5,6,2005,80
5,6,2006,80.3
5,6,2007,80.4
5,6,2008,80.6
5,6,2009,80.8
5,6,2010,81.1
5,6,2011,81.3
5,6,2012,81.5
5,6,2013,81.7
5,8,1961,74.2
5,8,1966,75.2
5,8,1971,76.4
5,8,1976,77.5
5,8,1979,78.8
5,8,1980,78.9
5,8,1981,79
5,8,1982,79.1
5,8,1983,79.4
5,8,1984,79.6
5,8,1985,79.7
5,8,1986,79.8
5,8,1987,79.9
5,8,1988,80.1
5,8,1989,80.3
5,8,1990,80.5
5,8,1991,80.7
5,8,1992,80.9
5,8,1993,80.9
5,8,1994,81
5,8,1995,80.9
5,8,1996,81
5,8,1997,81.1
5,8,1998,81.3
5,8,1999,81.4
5,8,2000,81.6
5,8,2001,81.8
5,8,2002,81.9
5,8,2003,82
5,8,2004,82.2
5,8,2005,82.3
5,8,2006,82.6
5,8,2007,82.7
5,8,2008,82.9
5,8,2009,83
5,8,2010,83.3
5,8,2011,83.5
5,8,2012,83.6
5,8,2013,83.8
11,7,1960,67.8
11,7,1961,67.7
11,7,1962,66.9
11,7,1963,67.3
11,7,1964,67.5
11,7,1965,67.2
11,7,1966,67.3
11,7,1967,67.1
11,7,1968,66.6
11,7,1969,66
11,7,1970,66.1
11,7,1971,66.2
11,7,1972,66.9
11,7,1973,66.6
11,7,1974,66.8
11,7,1975,67
11,7,1976,67.1
11,7,1977,67.2
11,7,1978,67.3
11,7,1979,67.4
11,7,1980,66.9
11,7,1981,67.2
11,7,1982,67.3
11,7,1983,67.1
11,7,1984,67.4
11,7,1985,67.5
11,7,1986,67.5
11,7,1987,67.9
11,7,1988,68.2
11,7,1989,68.2
11,7,1990,67.6
11,7,1991,68.2
11,7,1992,68.6
11,7,1993,69.3
11,7,1994,69.5
11,7,1995,69.7
11,7,1996,70.4
11,7,1997,70.5
11,7,1998,71.2
11,7,1999,71.5
11,7,2000,71.6
11,7,2001,72
11,7,2002,72.1
11,7,2003,72
11,7,2004,72.5
11,7,2005,72.9
11,7,2006,73.5
11,7,2007,73.8
11,7,2008,74.1
11,7,2009,74.3
11,7,2010,74.5
11,7,2011,74.8
11,7,2012,75.1
11,7,2013,75.2
11,7,2014,75.8
11,7,2015,75.7
11,6,1960,70.7
11,6,1961,70.7
11,6,1962,69.9
11,6,1963,70.5
11,6,1964,70.7
11,6,1965,70.4
11,6,1966,70.6
11,6,1967,70.5
11,6,1968,70.1
11,6,1969,69.6
11,6,1970,69.6
11,6,1971,69.8
11,6,1972,70.3
11,6,1973,70.2
11,6,1974,70.2
11,6,1975,70.6
11,6,1976,70.7
11,6,1977,70.8
11,6,1978,70.9
11,6,1979,70.9
11,6,1980,70.5
11,6,1981,70.8
11,6,1982,70.9
11,6,1983,70.8
11,6,1984,71
11,6,1985,71.2
11,6,1986,71.1
11,6,1987,71.6
11,6,1988,71.8
11,6,1989,71.9
11,6,1990,71.6
11,6,1991,72
11,6,1992,72.5
11,6,1993,72.9
11,6,1994,73.2
11,6,1995,73.3
11,6,1996,74
11,6,1997,74.1
11,6,1998,74.7
11,6,1999,74.9
11,6,2000,75.1
11,6,2001,75.3
11,6,2002,75.4
11,6,2003,75.3
11,6,2004,75.8
11,6,2005,76.1
11,6,2006,76.7
11,6,2007,77
11,6,2008,77.3
11,6,2009,77.4
11,6,2010,77.7
11,6,2011,78
11,6,2012,78.2
11,6,2013,78.3
11,6,2014,78.9
11,6,2015,78.7
11,8,1960,73.5
11,8,1961,73.6
11,8,1962,72.9
11,8,1963,73.6
11,8,1964,73.8
11,8,1965,73.5
11,8,1966,73.9
11,8,1967,73.8
11,8,1968,73.5
11,8,1969,73.2
11,8,1970,73.1
11,8,1971,73.4
11,8,1972,73.7
11,8,1973,73.8
11,8,1974,73.6
11,8,1975,74.1
11,8,1976,74.3
11,8,1977,74.3
11,8,1978,74.4
11,8,1979,74.4
11,8,1980,74
11,8,1981,74.4
11,8,1982,74.5
11,8,1983,74.4
11,8,1984,74.6
11,8,1985,74.8
11,8,1986,74.7
11,8,1987,75.3
11,8,1988,75.4
11,8,1989,75.5
11,8,1990,75.5
11,8,1991,75.8
11,8,1992,76.3
11,8,1993,76.5
11,8,1994,76.8
11,8,1995,76.8
11,8,1996,77.5
11,8,1997,77.6
11,8,1998,78.2
11,8,1999,78.3
11,8,2000,78.5
11,8,2001,78.5
11,8,2002,78.7
11,8,2003,78.6
11,8,2004,79.1
11,8,2005,79.2
11,8,2006,79.9
11,8,2007,80.2
11,8,2008,80.5
11,8,2009,80.5
11,8,2010,80.9
11,8,2011,81.1
11,8,2012,81.2
11,8,2013,81.3
11,8,2014,82
11,8,2015,81.6
13,7,1960,70.4
13,7,1967,70.3
13,7,1968,70.6
13,7,1969,70.7
13,7,1970,70.7
13,7,1971,70.7
13,7,1972,70.7
13,7,1973,70.8
13,7,1974,71
13,7,1975,71.3
13,7,1976,70.9
13,7,1977,71.8
13,7,1978,71.5
13,7,1979,71.2
13,7,1980,71.2
13,7,1981,71.3
13,7,1982,71.6
13,7,1983,71.5
13,7,1984,71.7
13,7,1985,71.5
13,7,1986,71.8
13,7,1987,71.8
13,7,1988,72.1
13,7,1989,72
13,7,1990,72
13,7,1991,72.5
13,7,1992,72.6
13,7,1993,72.6
13,7,1994,72.8
13,7,1995,72.7
13,7,1996,73.1
13,7,1997,73.6
13,7,1998,74
13,7,1999,74.2
13,7,2000,74.5
13,7,2001,74.7
13,7,2002,74.8
13,7,2003,75
13,7,2004,75.4
13,7,2005,76
13,7,2006,76.1
13,7,2007,76.2
13,7,2008,76.5
13,7,2009,76.9
13,7,2010,77.2
13,7,2011,77.8
13,7,2012,78.1
13,7,2013,78.3
13,7,2014,78.7
13,7,2015,78.8
13,6,1960,72.4
13,6,1967,72.6
13,6,1968,73
13,6,1969,73.2
13,6,1970,73.3
13,6,1971,73.3
13,6,1972,73.4
13,6,1973,73.6
13,6,1974,74
13,6,1975,74.2
13,6,1976,73.9
13,6,1977,74.9
13,6,1978,74.6
13,6,1979,74.4
13,6,1980,74.3
13,6,1981,74.4
13,6,1982,74.7
13,6,1983,74.6
13,6,1984,74.8
13,6,1985,74.6
13,6,1986,74.8
13,6,1987,74.9
13,6,1988,75
13,6,1989,75
13,6,1990,74.9
13,6,1991,75.3
13,6,1992,75.3
13,6,1993,75.2
13,6,1994,75.5
13,6,1995,75.3
13,6,1996,75.7
13,6,1997,76.1
13,6,1998,76.5
13,6,1999,76.6
13,6,2000,76.9
13,6,2001,77
13,6,2002,77.1
13,6,2003,77.4
13,6,2004,77.8
13,6,2005,78.3
13,6,2006,78.4
13,6,2007,78.4
13,6,2008,78.8
13,6,2009,79
13,6,2010,79.3
13,6,2011,79.9
13,6,2012,80.1
13,6,2013,80.4
13,6,2014,80.8
13,6,2015,80.8
13,8,1960,74.4
13,8,1967,74.9
13,8,1968,75.4
13,8,1969,75.6
13,8,1970,75.9
13,8,1971,75.9
13,8,1972,76.1
13,8,1973,76.3
13,8,1974,76.9
13,8,1975,77.1
13,8,1976,76.8
13,8,1977,77.9
13,8,1978,77.6
13,8,1979,77.5
13,8,1980,77.3
13,8,1981,77.5
13,8,1982,77.8
13,8,1983,77.7
13,8,1984,77.8
13,8,1985,77.6
13,8,1986,77.7
13,8,1987,77.9
13,8,1988,77.8
13,8,1989,77.9
13,8,1990,77.8
13,8,1991,78.1
13,8,1992,78
13,8,1993,77.8
13,8,1994,78.2
13,8,1995,77.9
13,8,1996,78.3
13,8,1997,78.6
13,8,1998,79
13,8,1999,79
13,8,2000,79.2
13,8,2001,79.3
13,8,2002,79.4
13,8,2003,79.8
13,8,2004,80.2
13,8,2005,80.5
13,8,2006,80.7
13,8,2007,80.6
13,8,2008,81
13,8,2009,81.1
13,8,2010,81.4
13,8,2011,81.9
13,8,2012,82.1
13,8,2013,82.4
13,8,2014,82.8
13,8,2015,82.7
16,7,1960,65.5
16,7,1963,65.4
16,7,1968,65.9
16,7,1970,66.5
16,7,1971,65.9
16,7,1972,66.6
16,7,1973,66.9
16,7,1974,66.9
16,7,1975,67.4
16,7,1976,67.6
16,7,1977,67.9
16,7,1978,68.5
16,7,1979,69
16,7,1980,69.2
16,7,1981,69.6
16,7,1982,70.3
16,7,1983,70.3
16,7,1984,70.5
16,7,1985,70.2
16,7,1986,70.6
16,7,1987,70.7
16,7,1988,70.7
16,7,1989,70.9
16,7,1990,71
16,7,1991,71.4
16,7,1992,71.7
16,7,1993,72.1
16,7,1994,72.8
16,7,1995,72.8
16,7,1996,73.1
16,7,1997,73.5
16,7,1998,73.6
16,7,1999,73.8
16,7,2000,74.2
16,7,2001,74.6
16,7,2002,74.9
16,7,2003,75.1
16,7,2004,75.4
16,7,2005,75.6
16,7,2006,75.9
16,7,2007,76
16,7,2008,76.5
16,7,2009,76.6
16,7,2010,76.9
16,7,2011,77.3
16,7,2012,77.7
16,7,2013,78
16,7,2014,78.4
16,7,2015,78.7
16,6,1960,69
16,6,1963,69
16,6,1968,69.8
16,6,1970,70.8
16,6,1971,70.1
16,6,1972,70.7
16,6,1973,71.2
16,6,1974,71.2
16,6,1975,71.7
16,6,1976,72
16,6,1977,72.4
16,6,1978,73
16,6,1979,73.2
16,6,1980,73.6
16,6,1981,73.9
16,6,1982,74.6
16,6,1983,74.4
16,6,1984,74.8
16,6,1985,74.5
16,6,1986,74.8
16,6,1987,74.8
16,6,1988,74.8
16,6,1989,75
16,6,1990,75
16,6,1991,75.5
16,6,1992,75.7
16,6,1993,75.8
16,6,1994,76.6
16,6,1995,76.6
16,6,1996,76.9
16,6,1997,77.1
16,6,1998,77.3
16,6,1999,77.5
16,6,2000,77.7
16,6,2001,78.2
16,6,2002,78.3
16,6,2003,78.5
16,6,2004,79
16,6,2005,79.1
16,6,2006,79.5
16,6,2007,79.6
16,6,2008,79.9
16,6,2009,80.1
16,6,2010,80.2
16,6,2011,80.6
16,6,2012,80.7
16,6,2013,81.1
16,6,2014,81.3
16,6,2015,81.6
16,8,1960,72.5
16,8,1963,72.6
16,8,1968,73.7
16,8,1970,75
16,8,1971,74.2
16,8,1972,74.9
16,8,1973,75.5
16,8,1974,75.4
16,8,1975,75.9
16,8,1976,76.3
16,8,1977,76.9
16,8,1978,77.6
16,8,1979,77.5
16,8,1980,78
16,8,1981,78.2
16,8,1982,78.8
16,8,1983,78.5
16,8,1984,79
16,8,1985,78.7
16,8,1986,78.9
16,8,1987,78.8
16,8,1988,78.8
16,8,1989,79
16,8,1990,79
16,8,1991,79.5
16,8,1992,79.6
16,8,1993,79.5
16,8,1994,80.3
16,8,1995,80.4
16,8,1996,80.7
16,8,1997,80.7
16,8,1998,81
16,8,1999,81.2
16,8,2000,81.2
16,8,2001,81.7
16,8,2002,81.6
16,8,2003,81.9
16,8,2004,82.5
16,8,2005,82.5
16,8,2006,83.1
16,8,2007,83.1
16,8,2008,83.3
16,8,2009,83.5
16,8,2010,83.5
16,8,2011,83.8
16,8,2012,83.7
16,8,2013,84.1
16,8,2014,84.1
16,8,2015,84.4
17,7,1960,67
17,7,1961,67.5
17,7,1962,67
17,7,1963,66.8
17,7,1964,67.7
17,7,1965,67.5
17,7,1966,67.8
17,7,1967,67.8
17,7,1968,67.8
17,7,1969,67.4
17,7,1970,68.4
17,7,1971,68.3
17,7,1972,68.5
17,7,1973,68.7
17,7,1974,68.9
17,7,1975,69
17,7,1976,69.2
17,7,1977,69.7
17,7,1978,69.8
17,7,1979,70.1
17,7,1980,70.2
17,7,1981,70.4
17,7,1982,70.7
17,7,1983,70.7
17,7,1984,71.2
17,7,1985,71.3
17,7,1986,71.6
17,7,1987,72.1
17,7,1988,72.4
17,7,1989,72.5
17,7,1990,72.8
17,7,1991,73
17,7,1992,73.3
17,7,1993,73.4
17,7,1994,73.8
17,7,1995,73.9
17,7,1996,74.2
17,7,1997,74.6
17,7,1998,74.9
17,7,1999,75.1
17,7,2000,75.4
17,7,2001,75.5
17,7,2002,75.8
17,7,2003,75.8
17,7,2004,76.7
17,7,2005,76.8
17,7,2006,77.4
17,7,2007,77.6
17,7,2008,77.9
17,7,2009,78
17,7,2010,78.3
17,7,2011,78.8
17,7,2012,78.7
17,7,2013,79
17,7,2014,79.5
17,7,2015,79.2
17,6,1960,70.3
17,6,1961,71
17,6,1962,70.5
17,6,1963,70.5
17,6,1964,71.4
17,6,1965,71.3
17,6,1966,71.5
17,6,1967,71.5
17,6,1968,71.5
17,6,1969,71.3
17,6,1970,72.2
17,6,1971,72.1
17,6,1972,72.4
17,6,1973,72.5
17,6,1974,72.8
17,6,1975,73
17,6,1976,73.2
17,6,1977,73.8
17,6,1978,73.9
17,6,1979,74.2
17,6,1980,74.3
17,6,1981,74.5
17,6,1982,74.8
17,6,1983,74.8
17,6,1984,75.3
17,6,1985,75.4
17,6,1986,75.7
17,6,1987,76.3
17,6,1988,76.6
17,6,1989,76.7
17,6,1990,77
17,6,1991,77.2
17,6,1992,77.5
17,6,1993,77.6
17,6,1994,78
17,6,1995,78.1
17,6,1996,78.3
17,6,1997,78.6
17,6,1998,78.8
17,6,1999,78.9
17,6,2000,79.2
17,6,2001,79.3
17,6,2002,79.4
17,6,2003,79.3
17,6,2004,80.3
17,6,2005,80.4
17,6,2006,81
17,6,2007,81.2
17,6,2008,81.4
17,6,2009,81.5
17,6,2010,81.8
17,6,2011,82.3
17,6,2012,82.1
17,6,2013,82.3
17,6,2014,82.8
17,6,2015,82.4
17,8,1960,73.6
17,8,1961,74.4
17,8,1962,73.9
17,8,1963,74.1
17,8,1964,75.1
17,8,1965,75
17,8,1966,75.2
17,8,1967,75.2
17,8,1968,75.2
17,8,1969,75.1
17,8,1970,75.9
17,8,1971,75.9
17,8,1972,76.2
17,8,1973,76.3
17,8,1974,76.7
17,8,1975,76.9
17,8,1976,77.2
17,8,1977,77.8
17,8,1978,77.9
17,8,1979,78.3
17,8,1980,78.4
17,8,1981,78.5
17,8,1982,78.9
17,8,1983,78.8
17,8,1984,79.3
17,8,1985,79.4
17,8,1986,79.8
17,8,1987,80.5
17,8,1988,80.7
17,8,1989,80.9
17,8,1990,81.2
17,8,1991,81.4
17,8,1992,81.7
17,8,1993,81.7
17,8,1994,82.2
17,8,1995,82.2
17,8,1996,82.3
17,8,1997,82.6
17,8,1998,82.7
17,8,1999,82.7
17,8,2000,83
17,8,2001,83
17,8,2002,83
17,8,2003,82.8
17,8,2004,83.9
17,8,2005,83.9
17,8,2006,84.5
17,8,2007,84.8
17,8,2008,84.8
17,8,2009,85
17,8,2010,85.3
17,8,2011,85.7
17,8,2012,85.4
17,8,2013,85.6
17,8,2014,86
17,8,2015,85.5
12,7,1960,66.5
12,7,1961,67
12,7,1962,67.1
12,7,1963,67.2
12,7,1964,67.7
12,7,1965,67.7
12,7,1966,67.7
12,7,1967,67.9
12,7,1968,67.5
12,7,1969,67.3
12,7,1970,67.5
12,7,1971,67.7
12,7,1972,67.8
12,7,1973,68.1
12,7,1974,68.4
12,7,1975,68.2
12,7,1976,68.6
12,7,1977,69.2
12,7,1978,69.1
12,7,1979,69.5
12,7,1980,69.6
12,7,1981,69.9
12,7,1982,70.2
12,7,1983,70.5
12,7,1984,71
12,7,1985,71.1
12,7,1986,71.4
12,7,1987,71.7
12,7,1988,71.9
12,7,1989,72.1
12,7,1990,72
12,7,1991,72.2
12,7,1992,72.7
12,7,1993,72.8
12,7,1994,73.1
12,7,1995,73.3
12,7,1996,73.6
12,7,1997,74.1
12,7,1998,74.5
12,7,1999,74.8
12,7,2000,75.1
12,7,2001,75.6
12,7,2002,75.7
12,7,2003,75.8
12,7,2004,76.5
12,7,2005,76.7
12,7,2006,77.2
12,7,2007,77.4
12,7,2008,77.6
12,7,2009,77.8
12,7,2010,78
12,7,2011,77.9
12,7,2012,78.1
12,7,2013,78.1
12,7,2014,78.7
12,7,2015,78.3
12,6,1960,69.1
12,6,1961,69.7
12,6,1962,69.9
12,6,1963,70
12,6,1964,70.6
12,6,1965,70.5
12,6,1966,70.6
12,6,1967,70.9
12,6,1968,70.5
12,6,1969,70.3
12,6,1970,70.6
12,6,1971,70.8
12,6,1972,71
12,6,1973,71.3
12,6,1974,71.5
12,6,1975,71.4
12,6,1976,71.8
12,6,1977,72.5
12,6,1978,72.4
12,6,1979,72.8
12,6,1980,72.9
12,6,1981,73.2
12,6,1982,73.5
12,6,1983,73.8
12,6,1984,74.3
12,6,1985,74.4
12,6,1986,74.6
12,6,1987,75
12,6,1988,75.2
12,6,1989,75.4
12,6,1990,75.3
12,6,1991,75.5
12,6,1992,76
12,6,1993,76.1
12,6,1994,76.4
12,6,1995,76.6
12,6,1996,76.9
12,6,1997,77.3
12,6,1998,77.7
12,6,1999,77.9
12,6,2000,78.2
12,6,2001,78.5
12,6,2002,78.5
12,6,2003,78.6
12,6,2004,79.2
12,6,2005,79.4
12,6,2006,79.8
12,6,2007,80.1
12,6,2008,80.2
12,6,2009,80.3
12,6,2010,80.5
12,6,2011,80.5
12,6,2012,80.6
12,6,2013,80.6
12,6,2014,81.2
12,6,2015,80.7
12,8,1960,71.7
12,8,1961,72.3
12,8,1962,72.6
12,8,1963,72.8
12,8,1964,73.4
12,8,1965,73.3
12,8,1966,73.5
12,8,1967,73.8
12,8,1968,73.4
12,8,1969,73.3
12,8,1970,73.6
12,8,1971,73.8
12,8,1972,74.1
12,8,1973,74.4
12,8,1974,74.6
12,8,1975,74.5
12,8,1976,75
12,8,1977,75.7
12,8,1978,75.7
12,8,1979,76
12,8,1980,76.2
12,8,1981,76.4
12,8,1982,76.7
12,8,1983,77
12,8,1984,77.5
12,8,1985,77.6
12,8,1986,77.7
12,8,1987,78.2
12,8,1988,78.4
12,8,1989,78.6
12,8,1990,78.5
12,8,1991,78.8
12,8,1992,79.3
12,8,1993,79.4
12,8,1994,79.7
12,8,1995,79.9
12,8,1996,80.1
12,8,1997,80.5
12,8,1998,80.8
12,8,1999,81
12,8,2000,81.2
12,8,2001,81.4
12,8,2002,81.3
12,8,2003,81.3
12,8,2004,81.9
12,8,2005,82
12,8,2006,82.4
12,8,2007,82.7
12,8,2008,82.7
12,8,2009,82.8
12,8,2010,83
12,8,2011,83.1
12,8,2012,83.1
12,8,2013,83
12,8,2014,83.6
12,8,2015,83.1
19,7,1961,70.2
19,7,1962,69.9
19,7,1963,70.2
19,7,1964,69.9
19,7,1965,70.5
19,7,1966,70.5
19,7,1967,70.4
19,7,1968,70.6
19,7,1969,71
19,7,1970,71.6
19,7,1971,72.2
19,7,1972,71.7
19,7,1973,72
19,7,1974,72.4
19,7,1975,72.2
19,7,1976,72.3
19,7,1977,72.4
19,7,1978,72.9
19,7,1979,73.2
19,7,1980,73
19,7,1981,73.4
19,7,1982,73.6
19,7,1983,73.4
19,7,1984,73.8
19,7,1985,73.5
19,7,1986,74.1
19,7,1987,73.9
19,7,1988,74.3
19,7,1989,74.5
19,7,1990,74.7
19,7,1991,74.8
19,7,1992,74.7
19,7,1993,75.1
19,7,1994,75.3
19,7,1995,75.2
19,7,1996,75.3
19,7,1997,75.7
19,7,1998,75.8
19,7,1999,75.9
19,7,2000,75.9
19,7,2001,76.3
19,7,2002,76.4
19,7,2003,76.6
19,7,2004,76.6
19,7,2005,76.8
19,7,2006,77.1
19,7,2007,76.9
19,7,2008,77.5
19,7,2009,77.5
19,7,2010,78
19,7,2011,78
19,7,2012,78
19,7,2013,78.7
19,7,2014,78.8
19,7,2015,78.5
19,6,1961,72
19,6,1962,71.7
19,6,1963,72
19,6,1964,71.9
19,6,1965,72.4
19,6,1966,72.6
19,6,1967,72.3
19,6,1968,72.4
19,6,1969,73
19,6,1970,73.8
19,6,1971,74.2
19,6,1972,73.8
19,6,1973,74.1
19,6,1974,74.6
19,6,1975,74.5
19,6,1976,74.5
19,6,1977,74.7
19,6,1978,75.2
19,6,1979,75.5
19,6,1980,75.3
19,6,1981,75.7
19,6,1982,75.9
19,6,1983,75.7
19,6,1984,76.2
19,6,1985,76
19,6,1986,76.5
19,6,1987,76.3
19,6,1988,76.8
19,6,1989,77
19,6,1990,77.1
19,6,1991,77.3
19,6,1992,77.2
19,6,1993,77.6
19,6,1994,77.8
19,6,1995,77.8
19,6,1996,78
19,6,1997,78.4
19,6,1998,78.4
19,6,1999,78.5
19,6,2000,78.6
19,6,2001,79.1
19,6,2002,79.2
19,6,2003,79.3
19,6,2004,79.4
19,6,2005,79.7
19,6,2006,79.9
19,6,2007,79.7
19,6,2008,80.3
19,6,2009,80.4
19,6,2010,80.7
19,6,2011,80.8
19,6,2012,80.7
19,6,2013,81.4
19,6,2014,81.5
19,6,2015,81.1
19,8,1961,73.8
19,8,1962,73.4
19,8,1963,73.7
19,8,1964,73.8
19,8,1965,74.3
19,8,1966,74.7
19,8,1967,74.2
19,8,1968,74.2
19,8,1969,75
19,8,1970,76
19,8,1971,76.2
19,8,1972,75.9
19,8,1973,76.2
19,8,1974,76.8
19,8,1975,76.7
19,8,1976,76.7
19,8,1977,77
19,8,1978,77.5
19,8,1979,77.8
19,8,1980,77.5
19,8,1981,77.9
19,8,1982,78.2
19,8,1983,78
19,8,1984,78.6
19,8,1985,78.4
19,8,1986,78.8
19,8,1987,78.6
19,8,1988,79.3
19,8,1989,79.5
19,8,1990,79.5
19,8,1991,79.8
19,8,1992,79.7
19,8,1993,80.1
19,8,1994,80.3
19,8,1995,80.4
19,8,1996,80.6
19,8,1997,81
19,8,1998,80.9
19,8,1999,81.1
19,8,2000,81.3
19,8,2001,81.9
19,8,2002,82
19,8,2003,82
19,8,2004,82.2
19,8,2005,82.5
19,8,2006,82.7
19,8,2007,82.5
19,8,2008,83
19,8,2009,83.3
19,8,2010,83.3
19,8,2011,83.6
19,8,2012,83.4
19,8,2013,84
19,8,2014,84.1
19,8,2015,83.7
20,7,1960,65.9
20,7,1961,66.8
20,7,1962,65.7
20,7,1963,66.6
20,7,1964,67
20,7,1965,66.7
20,7,1966,67.5
20,7,1967,66.9
20,7,1968,66.6
20,7,1969,66.7
20,7,1970,66.3
20,7,1971,66.1
20,7,1972,66.8
20,7,1973,66.6
20,7,1974,66.3
20,7,1975,66.3
20,7,1976,66.7
20,7,1977,66.8
20,7,1978,66.1
20,7,1979,66.2
20,7,1980,65.5
20,7,1981,65.5
20,7,1982,65.7
20,7,1983,65.1
20,7,1984,65.1
20,7,1985,65.1
20,7,1986,65.3
20,7,1987,65.7
20,7,1988,66.2
20,7,1989,65.4
20,7,1990,65.2
20,7,1991,65.1
20,7,1992,64.7
20,7,1993,64.7
20,7,1994,65
20,7,1995,65.4
20,7,1996,66.3
20,7,1997,66.7
20,7,1998,66.5
20,7,1999,66.7
20,7,2000,67.5
20,7,2001,68.2
20,7,2002,68.3
20,7,2003,68.4
20,7,2004,68.7
20,7,2005,68.7
20,7,2006,69.2
20,7,2007,69.4
20,7,2008,70
20,7,2009,70.3
20,7,2010,70.7
20,7,2011,71.2
20,7,2012,71.6
20,7,2013,72.2
20,7,2014,72.3
20,7,2015,72.3
20,6,1960,68.1
20,6,1961,69
20,6,1962,67.9
20,6,1963,69
20,6,1964,69.5
20,6,1965,69.1
20,6,1966,69.9
20,6,1967,69.5
20,6,1968,69.3
20,6,1969,69.4
20,6,1970,69.2
20,6,1971,69.1
20,6,1972,69.8
20,6,1973,69.6
20,6,1974,69.3
20,6,1975,69.4
20,6,1976,69.7
20,6,1977,70
20,6,1978,69.5
20,6,1979,69.7
20,6,1980,69.2
20,6,1981,69.3
20,6,1982,69.5
20,6,1983,69.1
20,6,1984,69.2
20,6,1985,69.2
20,6,1986,69.3
20,6,1987,69.8
20,6,1988,70.2
20,6,1989,69.6
20,6,1990,69.5
20,6,1991,69.6
20,6,1992,69.4
20,6,1993,69.4
20,6,1994,69.8
20,6,1995,70.1
20,6,1996,70.7
20,6,1997,71.1
20,6,1998,71.1
20,6,1999,71.2
20,6,2000,71.9
20,6,2001,72.5
20,6,2002,72.5
20,6,2003,72.6
20,6,2004,73
20,6,2005,73
20,6,2006,73.5
20,6,2007,73.6
20,6,2008,74.2
20,6,2009,74.4
20,6,2010,74.7
20,6,2011,75
20,6,2012,75.2
20,6,2013,75.7
20,6,2014,75.9
20,6,2015,75.7
20,8,1960,70.2
20,8,1961,71.2
20,8,1962,70.1
20,8,1963,71.3
20,8,1964,71.9
20,8,1965,71.5
20,8,1966,72.3
20,8,1967,72.1
20,8,1968,72
20,8,1969,72.1
20,8,1970,72.1
20,8,1971,72.1
20,8,1972,72.7
20,8,1973,72.6
20,8,1974,72.3
20,8,1975,72.5
20,8,1976,72.6
20,8,1977,73.1
20,8,1978,72.8
20,8,1979,73.2
20,8,1980,72.8
20,8,1981,73
20,8,1982,73.3
20,8,1983,73.1
20,8,1984,73.3
20,8,1985,73.2
20,8,1986,73.3
20,8,1987,73.9
20,8,1988,74.2
20,8,1989,73.8
20,8,1990,73.8
20,8,1991,74
20,8,1992,74
20,8,1993,74
20,8,1994,74.5
20,8,1995,74.8
20,8,1996,75
20,8,1997,75.5
20,8,1998,75.6
20,8,1999,75.6
20,8,2000,76.2
20,8,2001,76.7
20,8,2002,76.7
20,8,2003,76.7
20,8,2004,77.2
20,8,2005,77.2
20,8,2006,77.8
20,8,2007,77.8
20,8,2008,78.3
20,8,2009,78.4
20,8,2010,78.6
20,8,2011,78.7
20,8,2012,78.7
20,8,2013,79.1
20,8,2014,79.4
20,8,2015,79
24,7,1961,70.8
24,7,1962,71.4
24,7,1963,70.2
24,7,1964,70.8
24,7,1965,71.4
24,7,1966,70.3
24,7,1967,71.1
24,7,1968,71.6
24,7,1969,71.2
24,7,1970,70.7
24,7,1971,70.8
24,7,1972,72.1
24,7,1973,71.5
24,7,1974,71.2
24,7,1975,72.3
24,7,1976,73.9
24,7,1977,73.3
24,7,1978,73.8
24,7,1980,73.5
24,7,1981,73.4
24,7,1982,74.6
24,7,1983,73.3
24,7,1984,74.8
24,7,1985,74.9
24,7,1986,75.4
24,7,1987,74.9
24,7,1988,74.4
24,7,1989,76.2
24,7,1990,75.5
24,7,1991,74.9
24,7,1992,76.8
24,7,1993,77.1
24,7,1994,77.1
24,7,1995,76
24,7,1996,76.5
24,7,1997,76.3
24,7,1998,77.7
24,7,1999,77.4
24,7,2000,77.8
24,7,2001,78.3
24,7,2002,78.6
24,7,2003,79.5
24,7,2004,78.9
24,7,2005,79.6
24,7,2006,79.5
24,7,2007,79.6
24,7,2008,80
24,7,2009,79.8
24,7,2010,79.8
24,7,2011,80.7
24,7,2012,81.6
24,7,2013,80.5
24,7,2014,81.3
24,7,2015,81.2
24,6,1961,73.6
24,6,1962,73.8
24,6,1963,73.2
24,6,1964,73.6
24,6,1965,73.9
24,6,1966,73.4
24,6,1967,73.9
24,6,1968,74.1
24,6,1969,73.8
24,6,1970,74
24,6,1971,73.7
24,6,1972,74.5
24,6,1973,74.6
24,6,1974,74.6
24,6,1975,75.7
24,6,1976,77.1
24,6,1977,76.5
24,6,1978,76.7
24,6,1980,77
24,6,1981,76.6
24,6,1982,77.1
24,6,1983,77
24,6,1984,77.7
24,6,1985,77.7
24,6,1986,78.1
24,6,1987,77.4
24,6,1988,77.2
24,6,1989,78.2
24,6,1990,78.1
24,6,1991,78.1
24,6,1992,78.8
24,6,1993,79
24,6,1994,79.3
24,6,1995,78.1
24,6,1996,78.9
24,6,1997,79
24,6,1998,79.7
24,6,1999,79.4
24,6,2000,79.7
24,6,2001,80.8
24,6,2002,80.6
24,6,2003,81
24,6,2004,81.1
24,6,2005,81.6
24,6,2006,81.2
24,6,2007,81.5
24,6,2008,81.7
24,6,2009,81.8
24,6,2010,82
24,6,2011,82.4
24,6,2012,83
24,6,2013,82.1
24,6,2014,82.9
24,6,2015,82.5
24,8,1961,76.3
24,8,1962,76.2
24,8,1963,76.1
24,8,1964,76.4
24,8,1965,76.4
24,8,1966,76.4
24,8,1967,76.6
24,8,1968,76.5
24,8,1969,76.4
24,8,1970,77.3
24,8,1971,76.5
24,8,1972,76.9
24,8,1973,77.6
24,8,1974,78
24,8,1975,79
24,8,1976,80.2
24,8,1977,79.6
24,8,1978,79.6
24,8,1980,80.4
24,8,1981,79.8
24,8,1982,79.6
24,8,1983,80.6
24,8,1984,80.5
24,8,1985,80.4
24,8,1986,80.7
24,8,1987,79.9
24,8,1988,79.9
24,8,1989,80.2
24,8,1990,80.7
24,8,1991,81.3
24,8,1992,80.8
24,8,1993,80.8
24,8,1994,81.5
24,8,1995,80.1
24,8,1996,81.2
24,8,1997,81.6
24,8,1998,81.6
24,8,1999,81.4
24,8,2000,81.6
24,8,2001,83.2
24,8,2002,82.5
24,8,2003,82.5
24,8,2004,83.2
24,8,2005,83.5
24,8,2006,82.9
24,8,2007,83.4
24,8,2008,83.3
24,8,2009,83.8
24,8,2010,84.1
24,8,2011,84.1
24,8,2012,84.3
24,8,2013,83.7
24,8,2014,84.5
24,8,2015,83.8
23,7,1960,68.1
23,7,1970,68.8
23,7,1978,68.1
23,7,1979,69.5
23,7,1980,70.1
23,7,1981,70.1
23,7,1982,70.1
23,7,1985,70.7
23,7,1986,70.8
23,7,1987,71.6
23,7,1988,71.7
23,7,1989,71.7
23,7,1990,72.1
23,7,1991,72.3
23,7,1992,72.7
23,7,1993,72.5
23,7,1994,73.1
23,7,1995,72.8
23,7,1996,73.1
23,7,1997,73.4
23,7,1998,73.4
23,7,1999,73.4
23,7,2000,74
23,7,2001,74.5
23,7,2002,75
23,7,2003,75.7
23,7,2004,76.1
23,7,2005,76.7
23,7,2006,76.9
23,7,2007,77.3
23,7,2008,77.9
23,7,2009,77.8
23,7,2010,78.5
23,7,2011,78.6
23,7,2012,78.7
23,7,2013,79
23,7,2014,79.3
23,7,2015,79.6
23,6,1960,70
23,6,1970,71.2
23,6,1978,71.5
23,6,1979,72.3
23,6,1980,72.9
23,6,1981,72.9
23,6,1982,72.9
23,6,1985,73.4
23,6,1986,73.6
23,6,1987,74.5
23,6,1988,74.5
23,6,1989,74.5
23,6,1990,74.9
23,6,1991,75.1
23,6,1992,75.5
23,6,1993,75.3
23,6,1994,75.9
23,6,1995,75.6
23,6,1996,75.9
23,6,1997,76.1
23,6,1998,76.3
23,6,1999,76.2
23,6,2000,76.6
23,6,2001,77.2
23,6,2002,77.7
23,6,2003,78.2
23,6,2004,78.6
23,6,2005,79
23,6,2006,79.3
23,6,2007,79.7
23,6,2008,80.2
23,6,2009,80.3
23,6,2010,80.8
23,6,2011,80.8
23,6,2012,80.9
23,6,2013,81.1
23,6,2014,81.4
23,6,2015,81.5
23,8,1960,71.9
23,8,1970,73.5
23,8,1978,74.9
23,8,1979,75
23,8,1980,75.6
23,8,1981,75.6
23,8,1982,75.6
23,8,1985,76.1
23,8,1986,76.4
23,8,1987,77.3
23,8,1988,77.3
23,8,1989,77.2
23,8,1990,77.7
23,8,1991,77.9
23,8,1992,78.3
23,8,1993,78.1
23,8,1994,78.6
23,8,1995,78.3
23,8,1996,78.7
23,8,1997,78.7
23,8,1998,79.1
23,8,1999,78.9
23,8,2000,79.2
23,8,2001,79.9
23,8,2002,80.4
23,8,2003,80.7
23,8,2004,81.1
23,8,2005,81.3
23,8,2006,81.7
23,8,2007,82.1
23,8,2008,82.4
23,8,2009,82.7
23,8,2010,83.1
23,8,2011,83
23,8,2012,83.1
23,8,2013,83.1
23,8,2014,83.5
23,8,2015,83.4
26,7,1961,67.2
26,7,1971,69
26,7,1974,69.5
26,7,1975,69.5
26,7,1976,69.6
26,7,1977,70
26,7,1978,70.4
26,7,1979,70.6
26,7,1980,70.6
26,7,1981,70.9
26,7,1982,71.3
26,7,1983,71.5
26,7,1984,71.8
26,7,1985,72.3
26,7,1986,72.6
26,7,1987,73
26,7,1988,73.2
26,7,1989,73.6
26,7,1990,73.8
26,7,1991,73.8
26,7,1992,74.2
26,7,1993,74.6
26,7,1994,74.8
26,7,1995,75
26,7,1996,75.4
26,7,1997,75.8
26,7,1998,76
26,7,1999,76.4
26,7,2000,76.9
26,7,2001,77.2
26,7,2002,77.4
26,7,2003,77.3
26,7,2004,78
26,7,2005,78.1
26,7,2006,78.6
26,7,2007,78.8
26,7,2008,78.9
26,7,2009,79.1
26,7,2010,79.5
26,7,2011,79.7
26,7,2012,79.8
26,7,2013,80.3
26,7,2014,80.7
26,7,2015,80.3
26,6,1961,69.8
26,6,1971,72
26,6,1974,72.6
26,6,1975,72.7
26,6,1976,72.8
26,6,1977,73.4
26,6,1978,73.8
26,6,1979,74.1
26,6,1980,74
26,6,1981,74.3
26,6,1982,74.7
26,6,1983,74.8
26,6,1984,75
26,6,1985,75.6
26,6,1986,75.9
26,6,1987,76.3
26,6,1988,76.5
26,6,1989,76.9
26,6,1990,77.1
26,6,1991,77.1
26,6,1992,77.5
26,6,1993,77.8
26,6,1994,78
26,6,1995,78.3
26,6,1996,78.6
26,6,1997,78.9
26,6,1998,79.1
26,6,1999,79.5
26,6,2000,79.9
26,6,2001,80.2
26,6,2002,80.3
26,6,2003,80.1
26,6,2004,80.9
26,6,2005,80.9
26,6,2006,81.4
26,6,2007,81.5
26,6,2008,81.6
26,6,2009,81.7
26,6,2010,82.1
26,6,2011,82.3
26,6,2012,82.3
26,6,2013,82.8
26,6,2014,83.2
26,6,2015,82.6
26,8,1961,72.3
26,8,1971,74.9
26,8,1974,75.6
26,8,1975,75.8
26,8,1976,76
26,8,1977,76.7
26,8,1978,77.2
26,8,1979,77.5
26,8,1980,77.4
26,8,1981,77.6
26,8,1982,78
26,8,1983,78.1
26,8,1984,78.2
26,8,1985,78.8
26,8,1986,79.1
26,8,1987,79.6
26,8,1988,79.7
26,8,1989,80.2
26,8,1990,80.3
26,8,1991,80.4
26,8,1992,80.8
26,8,1993,81
26,8,1994,81.2
26,8,1995,81.5
26,8,1996,81.8
26,8,1997,82
26,8,1998,82.1
26,8,1999,82.6
26,8,2000,82.8
26,8,2001,83.2
26,8,2002,83.2
26,8,2003,82.8
26,8,2004,83.7
26,8,2005,83.6
26,8,2006,84.1
26,8,2007,84.2
26,8,2008,84.2
26,8,2009,84.3
26,8,2010,84.7
26,8,2011,84.8
26,8,2012,84.8
26,8,2013,85.2
26,8,2014,85.6
26,8,2015,84.9
27,7,1960,65.3
27,7,1961,66
27,7,1962,66.2
27,7,1963,67.2
27,7,1964,67.7
27,7,1965,67.7
27,7,1966,68.4
27,7,1967,68.9
27,7,1968,69.1
27,7,1969,69.2
27,7,1970,69.3
27,7,1971,70.2
27,7,1972,70.5
27,7,1973,70.7
27,7,1974,71.2
27,7,1975,71.7
27,7,1976,72.2
27,7,1977,72.7
27,7,1978,73
27,7,1979,73.5
27,7,1980,73.4
27,7,1981,73.8
27,7,1982,74.2
27,7,1983,74.2
27,7,1984,74.5
27,7,1985,74.8
27,7,1986,75.2
27,7,1987,75.6
27,7,1988,75.5
27,7,1989,75.9
27,7,1990,75.9
27,7,1991,76.1
27,7,1992,76.1
27,7,1993,76.3
27,7,1994,76.6
27,7,1995,76.4
27,7,1996,77
27,7,1997,77.2
27,7,1998,77.2
27,7,1999,77.1
27,7,2000,77.7
27,7,2001,78.1
27,7,2002,78.3
27,7,2003,78.4
27,7,2004,78.6
27,7,2005,78.6
27,7,2006,79
27,7,2007,79.2
27,7,2008,79.3
27,7,2009,79.6
27,7,2010,79.6
27,7,2011,79.4
27,7,2012,79.9
27,7,2013,80.2
27,7,2014,80.5
27,7,2015,80.8
27,6,1960,67.8
27,6,1961,68.4
27,6,1962,68.7
27,6,1963,69.8
27,6,1964,70.3
27,6,1965,70.3
27,6,1966,71
27,6,1967,71.5
27,6,1968,71.7
27,6,1969,71.9
27,6,1970,72
27,6,1971,72.9
27,6,1972,73.2
27,6,1973,73.4
27,6,1974,73.7
27,6,1975,74.3
27,6,1976,74.8
27,6,1977,75.3
27,6,1978,75.7
27,6,1979,76.2
27,6,1980,76.1
27,6,1981,76.5
27,6,1982,76.9
27,6,1983,77
27,6,1984,77.4
27,6,1985,77.6
27,6,1986,78.1
27,6,1987,78.5
27,6,1988,78.4
27,6,1989,78.8
27,6,1990,78.9
27,6,1991,79.1
27,6,1992,79.2
27,6,1993,79.4
27,6,1994,79.8
27,6,1995,79.6
27,6,1996,80.3
27,6,1997,80.5
27,6,1998,80.6
27,6,1999,80.6
27,6,2000,81.2
27,6,2001,81.5
27,6,2002,81.8
27,6,2003,81.9
27,6,2004,82.1
27,6,2005,82
27,6,2006,82.4
27,6,2007,82.6
27,6,2008,82.7
27,6,2009,83
27,6,2010,82.9
27,6,2011,82.7
27,6,2012,83.2
27,6,2013,83.4
27,6,2014,83.7
27,6,2015,83.9
27,8,1960,70.2
27,8,1961,70.8
27,8,1962,71.2
27,8,1963,72.3
27,8,1964,72.9
27,8,1965,72.9
27,8,1966,73.6
27,8,1967,74.2
27,8,1968,74.3
27,8,1969,74.7
27,8,1970,74.7
27,8,1971,75.6
27,8,1972,75.9
27,8,1973,76
27,8,1974,76.3
27,8,1975,76.9
27,8,1976,77.4
27,8,1977,78
27,8,1978,78.3
27,8,1979,78.9
27,8,1980,78.8
27,8,1981,79.1
27,8,1982,79.7
27,8,1983,79.8
27,8,1984,80.2
27,8,1985,80.5
27,8,1986,80.9
27,8,1987,81.4
27,8,1988,81.3
27,8,1989,81.8
27,8,1990,81.9
27,8,1991,82.1
27,8,1992,82.2
27,8,1993,82.5
27,8,1994,83
27,8,1995,82.9
27,8,1996,83.6
27,8,1997,83.8
27,8,1998,84
27,8,1999,84
27,8,2000,84.6
27,8,2001,84.9
27,8,2002,85.2
27,8,2003,85.3
27,8,2004,85.6
27,8,2005,85.5
27,8,2006,85.8
27,8,2007,86
27,8,2008,86.1
27,8,2009,86.4
27,8,2010,86.3
27,8,2011,85.9
27,8,2012,86.4
27,8,2013,86.6
27,8,2014,86.8
27,8,2015,87.1
28,7,1970,58.7
28,7,1971,59.1
28,7,1972,59.4
28,7,1973,59.7
28,7,1974,60
28,7,1975,60.3
28,7,1976,60.6
28,7,1977,60.9
28,7,1978,61.1
28,7,1979,61.4
28,7,1980,61.9
28,7,1981,62.4
28,7,1982,62.9
28,7,1983,63.4
28,7,1984,64
28,7,1985,64.6
28,7,1986,65.3
28,7,1987,65.9
28,7,1988,66.5
28,7,1989,67
28,7,1990,67.5
28,7,1991,67.9
28,7,1992,68.4
28,7,1993,68.9
28,7,1994,69.3
28,7,1995,69.7
28,7,1996,70.2
28,7,1997,70.7
28,7,1998,71.2
28,7,1999,71.8
28,7,2000,72.3
28,7,2001,72.9
28,7,2002,73.4
28,7,2003,73.8
28,7,2004,74.3
28,7,2005,74.9
28,7,2006,75.4
28,7,2007,75.9
28,7,2008,76.2
28,7,2009,76.7
28,7,2010,76.8
28,7,2011,77.3
28,7,2012,77.6
28,7,2013,78.1
28,7,2014,78.6
28,7,2015,79
28,6,1970,62.3
28,6,1971,62.7
28,6,1972,63.1
28,6,1973,63.5
28,6,1974,63.9
28,6,1975,64.3
28,6,1976,64.6
28,6,1977,65
28,6,1978,65.3
28,6,1979,65.6
28,6,1980,66.2
28,6,1981,66.7
28,6,1982,67.2
28,6,1983,67.7
28,6,1984,68.3
28,6,1985,68.9
28,6,1986,69.5
28,6,1987,70.1
28,6,1988,70.7
28,6,1989,71.2
28,6,1990,71.7
28,6,1991,72.2
28,6,1992,72.6
28,6,1993,73.1
28,6,1994,73.5
28,6,1995,73.8
28,6,1996,74.2
28,6,1997,74.7
28,6,1998,75.1
28,6,1999,75.5
28,6,2000,76
28,6,2001,76.5
28,6,2002,76.8
28,6,2003,77.3
28,6,2004,77.8
28,6,2005,78.2
28,6,2006,78.8
28,6,2007,79.2
28,6,2008,79.6
28,6,2009,80
28,6,2010,80.2
28,6,2011,80.6
28,6,2012,80.9
28,6,2013,81.4
28,6,2014,81.8
28,6,2015,82.1
28,8,1970,65.8
28,8,1971,66.3
28,8,1972,66.8
28,8,1973,67.3
28,8,1974,67.8
28,8,1975,68.2
28,8,1976,68.6
28,8,1977,69.1
28,8,1978,69.5
28,8,1979,69.9
28,8,1980,70.4
28,8,1981,70.9
28,8,1982,71.5
28,8,1983,71.9
28,8,1984,72.6
28,8,1985,73.2
28,8,1986,73.8
28,8,1987,74.3
28,8,1988,74.8
28,8,1989,75.3
28,8,1990,75.9
28,8,1991,76.4
28,8,1992,76.8
28,8,1993,77.3
28,8,1994,77.7
28,8,1995,77.9
28,8,1996,78.3
28,8,1997,78.7
28,8,1998,79
28,8,1999,79.2
28,8,2000,79.7
28,8,2001,80.1
28,8,2002,80.3
28,8,2003,80.8
28,8,2004,81.2
28,8,2005,81.6
28,8,2006,82.1
28,8,2007,82.5
28,8,2008,83
28,8,2009,83.4
28,8,2010,83.6
28,8,2011,84
28,8,2012,84.2
28,8,2013,84.6
28,8,2014,85
28,8,2015,85.2
30,7,1960,66.5
30,7,1971,66.2
30,7,1972,67.7
30,7,1973,66.9
30,7,1974,67.1
30,7,1975,67.3
30,7,1976,67.2
30,7,1977,68.2
30,7,1978,68.5
30,7,1979,69
30,7,1980,70
30,7,1981,68.9
30,7,1982,68.9
30,7,1983,69.9
30,7,1984,69.7
30,7,1985,70.3
30,7,1986,70.7
30,7,1987,70.6
30,7,1988,71
30,7,1989,71.2
30,7,1990,72.4
30,7,1991,72
30,7,1992,71.9
30,7,1993,72.2
30,7,1994,73.2
30,7,1995,73
30,7,1996,73.3
30,7,1997,74
30,7,1998,73.7
30,7,1999,74.4
30,7,2000,74.6
30,7,2001,75.1
30,7,2002,74.6
30,7,2003,74.8
30,7,2004,76
30,7,2005,76.7
30,7,2006,76.8
30,7,2007,76.7
30,7,2008,78.1
30,7,2009,78.1
30,7,2010,77.9
30,7,2011,78.5
30,7,2012,79.1
30,7,2013,79.8
30,7,2014,79.4
30,7,2015,80
30,6,1960,69.4
30,6,1971,69.7
30,6,1972,70.9
30,6,1973,70.8
30,6,1974,70.8
30,6,1975,70.8
30,6,1976,70.8
30,6,1977,72.2
30,6,1978,72.1
30,6,1979,72.8
30,6,1980,72.8
30,6,1981,72.6
30,6,1982,72.7
30,6,1983,73.5
30,6,1984,73.3
30,6,1985,73.8
30,6,1986,74.7
30,6,1987,74.3
30,6,1988,75
30,6,1989,74.8
30,6,1990,75.6
30,6,1991,75.7
30,6,1992,75.3
30,6,1993,75.9
30,6,1994,76.6
30,6,1995,76.8
30,6,1996,76.8
30,6,1997,77
30,6,1998,77.3
30,6,1999,77.9
30,6,2000,78
30,6,2001,77.9
30,6,2002,78.1
30,6,2003,77.8
30,6,2004,79.2
30,6,2005,79.5
30,6,2006,79.4
30,6,2007,79.5
30,6,2008,80.6
30,6,2009,80.7
30,6,2010,80.7
30,6,2011,81.1
30,6,2012,81.5
30,6,2013,81.9
30,6,2014,82.3
30,6,2015,82.4
30,8,1960,72.2
30,8,1968,73.5
30,8,1969,73.4
30,8,1970,73
30,8,1971,73.1
30,8,1972,74.1
30,8,1973,74.6
30,8,1974,74.5
30,8,1975,74.3
30,8,1976,74.3
30,8,1977,76.2
30,8,1978,75.6
30,8,1979,76.5
30,8,1980,75.6
30,8,1981,76.3
30,8,1982,76.4
30,8,1983,77.1
30,8,1984,76.9
30,8,1985,77.3
30,8,1986,78.7
30,8,1987,77.9
30,8,1988,79
30,8,1989,78.4
30,8,1990,78.7
30,8,1991,79.3
30,8,1992,78.6
30,8,1993,79.6
30,8,1994,79.9
30,8,1995,80.6
30,8,1996,80.2
30,8,1997,80
30,8,1998,80.8
30,8,1999,81.4
30,8,2000,81.3
30,8,2001,80.7
30,8,2002,81.5
30,8,2003,80.8
30,8,2004,82.4
30,8,2005,82.3
30,8,2006,81.9
30,8,2007,82.2
30,8,2008,83.1
30,8,2009,83.3
30,8,2010,83.5
30,8,2011,83.6
30,8,2012,83.8
30,8,2013,83.9
30,8,2014,85.2
30,8,2015,84.7
32,7,1960,55.8
32,7,1961,56.5
32,7,1962,57.1
32,7,1963,57.6
32,7,1964,58.1
32,7,1965,58.5
32,7,1966,58.8
32,7,1967,59
32,7,1968,59.2
32,7,1969,59.5
32,7,1970,58.5
32,7,1971,60.2
32,7,1972,60.7
32,7,1973,61.2
32,7,1974,61.7
32,7,1975,62
32,7,1976,62.4
32,7,1977,62.8
32,7,1978,63.1
32,7,1979,63.6
32,7,1980,64.1
32,7,1981,64.6
32,7,1982,65.1
32,7,1983,65.6
32,7,1984,66.1
32,7,1985,66.6
32,7,1986,67
32,7,1987,67.3
32,7,1988,67.7
32,7,1989,67.9
32,7,1990,67
32,7,1991,67.5
32,7,1992,68
32,7,1993,68.4
32,7,1994,68.8
32,7,1995,69.2
32,7,1996,69.5
32,7,1997,69.8
32,7,1998,70
32,7,1999,70.3
32,7,2000,70.5
32,7,2001,70.7
32,7,2002,70.8
32,7,2003,71
32,7,2004,71.2
32,7,2005,71.3
32,7,2006,71.4
32,7,2007,71.5
32,7,2008,71.3
32,7,2009,71.1
32,7,2010,71.1
32,7,2011,71.2
32,7,2012,71.4
32,7,2013,71.7
32,7,2014,72.1
32,7,2015,72.3
32,7,2016,72.3
32,6,1960,57.5
32,6,1961,58.2
32,6,1962,58.8
32,6,1963,59.3
32,6,1964,59.9
32,6,1965,60.3
32,6,1966,60.7
32,6,1967,61
32,6,1968,61.3
32,6,1969,61.6
32,6,1970,60.9
32,6,1971,62.4
32,6,1972,63.1
32,6,1973,63.7
32,6,1974,64.2
32,6,1975,64.7
32,6,1976,65.2
32,6,1977,65.7
32,6,1978,66.1
32,6,1979,66.6
32,6,1980,67.2
32,6,1981,67.7
32,6,1982,68.2
32,6,1983,68.6
32,6,1984,69.1
32,6,1985,69.5
32,6,1986,69.9
32,6,1987,70.2
32,6,1988,70.6
32,6,1989,70.8
32,6,1990,70.5
32,6,1991,70.9
32,6,1992,71.3
32,6,1993,71.7
32,6,1994,72
32,6,1995,72.3
32,6,1996,72.5
32,6,1997,72.8
32,6,1998,73
32,6,1999,73.2
32,6,2000,73.3
32,6,2001,73.5
32,6,2002,73.6
32,6,2003,73.8
32,6,2004,73.9
32,6,2005,74
32,6,2006,74.1
32,6,2007,74.2
32,6,2008,74.1
32,6,2009,74
32,6,2010,74.1
32,6,2011,74.2
32,6,2012,74.4
32,6,2013,74.6
32,6,2014,74.8
32,6,2015,75
32,6,2016,75
32,8,1960,59.2
32,8,1961,59.8
32,8,1962,60.5
32,8,1963,61
32,8,1964,61.6
32,8,1965,62.1
32,8,1966,62.5
32,8,1967,62.9
32,8,1968,63.3
32,8,1969,63.7
32,8,1970,63.2
32,8,1971,64.6
32,8,1972,65.4
32,8,1973,66.1
32,8,1974,66.7
32,8,1975,67.3
32,8,1976,67.9
32,8,1977,68.5
32,8,1978,69
32,8,1979,69.6
32,8,1980,70.2
32,8,1981,70.7
32,8,1982,71.2
32,8,1983,71.6
32,8,1984,72
32,8,1985,72.4
32,8,1986,72.8
32,8,1987,73.1
32,8,1988,73.5
32,8,1989,73.6
32,8,1990,74
32,8,1991,74.3
32,8,1992,74.6
32,8,1993,74.9
32,8,1994,75.1
32,8,1995,75.3
32,8,1996,75.5
32,8,1997,75.7
32,8,1998,75.9
32,8,1999,76
32,8,2000,76.1
32,8,2001,76.3
32,8,2002,76.4
32,8,2003,76.5
32,8,2004,76.6
32,8,2005,76.7
32,8,2006,76.8
32,8,2007,76.9
32,8,2008,76.9
32,8,2009,76.9
32,8,2010,77
32,8,2011,77.2
32,8,2012,77.3
32,8,2013,77.4
32,8,2014,77.5
32,8,2015,77.7
32,8,2016,77.7
33,7,1960,71.5
33,7,1961,71.6
33,7,1962,71.1
33,7,1963,71
33,7,1964,71.3
33,7,1965,71.1
33,7,1966,71
33,7,1967,71.2
33,7,1968,70.9
33,7,1969,70.9
33,7,1970,70.8
33,7,1971,71
33,7,1972,70.8
33,7,1973,71.3
33,7,1974,71.6
33,7,1975,71.5
33,7,1976,71.5
33,7,1977,72.1
33,7,1978,72
33,7,1979,72.5
33,7,1980,72.5
33,7,1981,72.7
33,7,1982,72.7
33,7,1983,72.9
33,7,1984,73
33,7,1985,73.1
33,7,1986,73.1
33,7,1987,73.5
33,7,1988,73.7
33,7,1989,73.7
33,7,1990,73.8
33,7,1991,74.1
33,7,1992,74.3
33,7,1993,74
33,7,1994,74.6
33,7,1995,74.6
33,7,1996,74.7
33,7,1997,75.2
33,7,1998,75.2
33,7,1999,75.3
33,7,2000,75.6
33,7,2001,75.8
33,7,2002,76
33,7,2003,76.3
33,7,2004,76.9
33,7,2005,77.2
33,7,2006,77.7
33,7,2007,78.1
33,7,2008,78.4
33,7,2009,78.7
33,7,2010,78.9
33,7,2011,79.4
33,7,2012,79.3
33,7,2013,79.5
33,7,2014,80
33,7,2015,79.9
33,6,1960,73.5
33,6,1961,73.8
33,6,1962,73.4
33,6,1963,73.4
33,6,1964,73.8
33,6,1965,73.6
33,6,1966,73.6
33,6,1967,73.9
33,6,1968,73.7
33,6,1969,73.6
33,6,1970,73.7
33,6,1971,73.9
33,6,1972,73.8
33,6,1973,74.2
33,6,1974,74.6
33,6,1975,74.6
33,6,1976,74.7
33,6,1977,75.3
33,6,1978,75.3
33,6,1979,75.7
33,6,1980,75.9
33,6,1981,76
33,6,1982,76.1
33,6,1983,76.3
33,6,1984,76.4
33,6,1985,76.5
33,6,1986,76.4
33,6,1987,76.9
33,6,1988,77.1
33,6,1989,76.9
33,6,1990,77
33,6,1991,77.2
33,6,1992,77.4
33,6,1993,77.1
33,6,1994,77.5
33,6,1995,77.6
33,6,1996,77.6
33,6,1997,78
33,6,1998,78
33,6,1999,77.9
33,6,2000,78.2
33,6,2001,78.3
33,6,2002,78.4
33,6,2003,78.7
33,6,2004,79.2
33,6,2005,79.5
33,6,2006,79.9
33,6,2007,80.3
33,6,2008,80.5
33,6,2009,80.8
33,6,2010,81
33,6,2011,81.3
33,6,2012,81.2
33,6,2013,81.4
33,6,2014,81.8
33,6,2015,81.6
33,8,1960,75.4
33,8,1961,75.9
33,8,1962,75.7
33,8,1963,75.8
33,8,1964,76.3
33,8,1965,76.1
33,8,1966,76.1
33,8,1967,76.6
33,8,1968,76.4
33,8,1969,76.3
33,8,1970,76.5
33,8,1971,76.8
33,8,1972,76.8
33,8,1973,77.1
33,8,1974,77.6
33,8,1975,77.7
33,8,1976,77.9
33,8,1977,78.5
33,8,1978,78.5
33,8,1979,78.9
33,8,1980,79.2
33,8,1981,79.3
33,8,1982,79.4
33,8,1983,79.6
33,8,1984,79.7
33,8,1985,79.8
33,8,1986,79.7
33,8,1987,80.3
33,8,1988,80.4
33,8,1989,80.1
33,8,1990,80.2
33,8,1991,80.3
33,8,1992,80.4
33,8,1993,80.1
33,8,1994,80.4
33,8,1995,80.5
33,8,1996,80.5
33,8,1997,80.7
33,8,1998,80.8
33,8,1999,80.5
33,8,2000,80.7
33,8,2001,80.8
33,8,2002,80.7
33,8,2003,81
33,8,2004,81.5
33,8,2005,81.7
33,8,2006,82
33,8,2007,82.5
33,8,2008,82.5
33,8,2009,82.9
33,8,2010,83
33,8,2011,83.1
33,8,2012,83
33,8,2013,83.2
33,8,2014,83.5
33,8,2015,83.2
35,7,1961,68.4
35,7,1962,68.4
35,7,1963,68.3
35,7,1964,68.3
35,7,1965,68.2
35,7,1966,68.2
35,7,1967,68.3
35,7,1968,68.3
35,7,1969,68.4
35,7,1970,68.5
35,7,1971,68.5
35,7,1972,68.6
35,7,1973,68.7
35,7,1974,68.8
35,7,1975,68.9
35,7,1976,69
35,7,1977,69.3
35,7,1978,69.6
35,7,1979,69.8
35,7,1980,70.1
35,7,1981,70.4
35,7,1982,70.5
35,7,1983,70.7
35,7,1984,70.8
35,7,1985,71
35,7,1986,71.1
35,7,1987,71.5
35,7,1988,71.8
35,7,1989,72.2
35,7,1990,72.5
35,7,1991,72.9
35,7,1992,73.2
35,7,1993,73.5
35,7,1994,73.8
35,7,1995,74.1
35,7,1996,74.4
35,7,1997,74.8
35,7,1998,75.2
35,7,1999,75.6
35,7,2000,75.9
35,7,2001,76.3
35,7,2002,76.7
35,7,2003,77
35,7,2004,77.4
35,7,2005,77.7
35,7,2006,78
35,7,2007,78.2
35,7,2008,78.4
35,7,2009,78.7
35,7,2010,78.9
35,7,2011,79.1
35,7,2012,79.3
35,7,2013,79.5
35,7,2014,79.7
35,7,2015,79.9
35,6,1961,71.1
35,6,1962,71.2
35,6,1963,71.2
35,6,1964,71.2
35,6,1965,71.2
35,6,1966,71.3
35,6,1967,71.4
35,6,1968,71.4
35,6,1969,71.5
35,6,1970,71.5
35,6,1971,71.6
35,6,1972,71.7
35,6,1973,71.8
35,6,1974,72
35,6,1975,72.1
35,6,1976,72.3
35,6,1977,72.5
35,6,1978,72.7
35,6,1979,72.9
35,6,1980,73.2
35,6,1981,73.4
35,6,1982,73.6
35,6,1983,73.7
35,6,1984,73.8
35,6,1985,74
35,6,1986,74.1
35,6,1987,74.5
35,6,1988,74.8
35,6,1989,75.2
35,6,1990,75.5
35,6,1991,75.8
35,6,1992,76.1
35,6,1993,76.3
35,6,1994,76.6
35,6,1995,76.8
35,6,1996,77.1
35,6,1997,77.4
35,6,1998,77.7
35,6,1999,78.1
35,6,2000,78.4
35,6,2001,78.7
35,6,2002,79
35,6,2003,79.3
35,6,2004,79.6
35,6,2005,79.8
35,6,2006,80.1
35,6,2007,80.3
35,6,2008,80.5
35,6,2009,80.7
35,6,2010,80.8
35,6,2011,81
35,6,2012,81.2
35,6,2013,81.4
35,6,2014,81.5
35,6,2015,81.7
35,8,1961,73.8
35,8,1962,73.9
35,8,1963,74
35,8,1964,74.1
35,8,1965,74.2
35,8,1966,74.3
35,8,1967,74.4
35,8,1968,74.4
35,8,1969,74.5
35,8,1970,74.5
35,8,1971,74.6
35,8,1972,74.8
35,8,1973,74.9
35,8,1974,75.1
35,8,1975,75.3
35,8,1976,75.5
35,8,1977,75.6
35,8,1978,75.8
35,8,1979,76
35,8,1980,76.2
35,8,1981,76.4
35,8,1982,76.6
35,8,1983,76.7
35,8,1984,76.8
35,8,1985,77
35,8,1986,77.1
35,8,1987,77.4
35,8,1988,77.8
35,8,1989,78.1
35,8,1990,78.4
35,8,1991,78.7
35,8,1992,78.9
35,8,1993,79.1
35,8,1994,79.3
35,8,1995,79.5
35,8,1996,79.7
35,8,1997,80
35,8,1998,80.2
35,8,1999,80.5
35,8,2000,80.8
35,8,2001,81.1
35,8,2002,81.3
35,8,2003,81.5
35,8,2004,81.7
35,8,2005,81.9
35,8,2006,82.2
35,8,2007,82.3
35,8,2008,82.5
35,8,2009,82.6
35,8,2010,82.7
35,8,2011,82.9
35,8,2012,83
35,8,2013,83.2
35,8,2014,83.3
35,8,2015,83.4
34,7,1960,71.6
34,7,1961,71.4
34,7,1962,71.2
34,7,1963,71.1
34,7,1964,71.5
34,7,1965,71.3
34,7,1966,71.6
34,7,1967,71.5
34,7,1968,71.4
34,7,1969,71
34,7,1970,71.2
34,7,1971,71.3
34,7,1972,71.5
34,7,1973,71.5
34,7,1974,71.9
34,7,1975,71.9
34,7,1976,72.2
34,7,1977,72.5
34,7,1978,72.6
34,7,1979,72.4
34,7,1980,72.4
34,7,1981,72.7
34,7,1982,72.7
34,7,1983,72.8
34,7,1984,73
34,7,1985,72.6
34,7,1986,72.9
34,7,1987,72.8
34,7,1988,73.1
34,7,1989,73.3
34,7,1990,73.4
34,7,1991,74
34,7,1992,74.2
34,7,1993,74.2
34,7,1994,74.9
34,7,1995,74.8
34,7,1996,75.4
34,7,1997,75.5
34,7,1998,75.6
34,7,1999,75.6
34,7,2000,76
34,7,2001,76.2
34,7,2002,76.4
34,7,2003,77.1
34,7,2004,77.6
34,7,2005,77.8
34,7,2006,78.2
34,7,2007,78.3
34,7,2008,78.4
34,7,2009,78.7
34,7,2010,79
34,7,2011,79.1
34,7,2012,79.5
34,7,2013,79.8
34,7,2014,80.1
34,7,2015,80.5
34,6,1960,73.8
34,6,1961,73.8
34,6,1962,73.7
34,6,1963,73.4
34,6,1964,73.9
34,6,1965,74
34,6,1966,74.3
34,6,1967,74.3
34,6,1968,74.2
34,6,1969,74
34,6,1970,74.4
34,6,1971,74.4
34,6,1972,74.6
34,6,1973,74.7
34,6,1974,75.1
34,6,1975,75.1
34,6,1976,75.3
34,6,1977,75.7
34,6,1978,75.8
34,6,1979,75.8
34,6,1980,75.9
34,6,1981,76.1
34,6,1982,76.2
34,6,1983,76.3
34,6,1984,76.4
34,6,1985,76.1
34,6,1986,76.5
34,6,1987,76.3
34,6,1988,76.4
34,6,1989,76.7
34,6,1990,76.7
34,6,1991,77.1
34,6,1992,77.4
34,6,1993,77.3
34,6,1994,77.9
34,6,1995,77.9
34,6,1996,78.3
34,6,1997,78.3
34,6,1998,78.5
34,6,1999,78.4
34,6,2000,78.8
34,6,2001,78.9
34,6,2002,79
34,6,2003,79.6
34,6,2004,80.1
34,6,2005,80.3
34,6,2006,80.6
34,6,2007,80.6
34,6,2008,80.8
34,6,2009,81
34,6,2010,81.2
34,6,2011,81.4
34,6,2012,81.5
34,6,2013,81.8
34,6,2014,82.2
34,6,2015,82.4
34,8,1960,76
34,8,1961,76.2
34,8,1962,76.2
34,8,1963,75.7
34,8,1964,76.3
34,8,1965,76.7
34,8,1966,76.9
34,8,1967,77.1
34,8,1968,77
34,8,1969,76.9
34,8,1970,77.5
34,8,1971,77.5
34,8,1972,77.7
34,8,1973,77.9
34,8,1974,78.2
34,8,1975,78.3
34,8,1976,78.4
34,8,1977,78.9
34,8,1978,78.9
34,8,1979,79.1
34,8,1980,79.3
34,8,1981,79.4
34,8,1982,79.7
34,8,1983,79.7
34,8,1984,79.8
34,8,1985,79.5
34,8,1986,80
34,8,1987,79.7
34,8,1988,79.7
34,8,1989,80
34,8,1990,79.9
34,8,1991,80.2
34,8,1992,80.5
34,8,1993,80.3
34,8,1994,80.8
34,8,1995,80.9
34,8,1996,81.2
34,8,1997,81.1
34,8,1998,81.4
34,8,1999,81.2
34,8,2000,81.5
34,8,2001,81.6
34,8,2002,81.6
34,8,2003,82.1
34,8,2004,82.5
34,8,2005,82.7
34,8,2006,82.9
34,8,2007,82.9
34,8,2008,83.2
34,8,2009,83.2
34,8,2010,83.3
34,8,2011,83.6
34,8,2012,83.5
34,8,2013,83.8
34,8,2014,84.2
34,8,2015,84.2
36,7,1960,64.9
36,7,1961,64.9
36,7,1962,64.5
36,7,1963,65.4
36,7,1964,65.8
36,7,1965,66.6
36,7,1966,66.9
36,7,1967,66.4
36,7,1968,67
36,7,1969,66.5
36,7,1970,66.6
36,7,1971,66.1
36,7,1972,67.3
36,7,1973,67.2
36,7,1974,67.8
36,7,1975,67
36,7,1976,66.9
36,7,1977,66.5
36,7,1978,66.4
36,7,1979,66.8
36,7,1980,66
36,7,1981,67.1
36,7,1982,67.2
36,7,1983,67
36,7,1984,66.8
36,7,1985,66.9
36,7,1986,66.8
36,7,1987,67.8
36,7,1988,67.2
36,7,1989,66.8
36,7,1990,66.3
36,7,1991,65.9
36,7,1992,66.5
36,7,1993,67.2
36,7,1994,67.5
36,7,1995,67.7
36,7,1996,68.1
36,7,1997,68.5
36,7,1998,68.9
36,7,1999,68.8
36,7,2000,69.6
36,7,2001,70
36,7,2002,70.3
36,7,2003,70.5
36,7,2004,70.6
36,7,2005,70.8
36,7,2006,70.9
36,7,2007,71
36,7,2008,71.3
36,7,2009,71.5
36,7,2010,72.2
36,7,2011,72.5
36,7,2012,72.6
36,7,2013,73
36,7,2014,73.7
36,7,2015,73.5
36,6,1960,67.8
36,6,1961,67.9
36,6,1962,67.5
36,6,1963,68.5
36,6,1964,68.7
36,6,1965,69.5
36,6,1966,69.9
36,6,1967,69.5
36,6,1968,70.3
36,6,1969,69.8
36,6,1970,70
36,6,1971,69.7
36,6,1972,70.8
36,6,1973,70.7
36,6,1974,71.2
36,6,1975,70.6
36,6,1976,70.7
36,6,1977,70.5
36,6,1978,70.5
36,6,1979,70.9
36,6,1980,70.2
36,6,1981,71.2
36,6,1982,71.2
36,6,1983,71.1
36,6,1984,70.9
36,6,1985,71.1
36,6,1986,71
36,6,1987,71.5
36,6,1988,71.5
36,6,1989,71.2
36,6,1990,70.8
36,6,1991,70.5
36,6,1992,71.1
36,6,1993,71.6
36,6,1994,71.8
36,6,1995,72.1
36,6,1996,72.4
36,6,1997,72.8
36,6,1998,73.2
36,6,1999,73.2
36,6,2000,73.8
36,6,2001,74.2
36,6,2002,74.6
36,6,2003,74.7
36,6,2004,74.9
36,6,2005,75.1
36,6,2006,75.3
36,6,2007,75.4
36,6,2008,75.7
36,6,2009,75.8
36,6,2010,76.5
36,6,2011,76.8
36,6,2012,76.9
36,6,2013,77.1
36,6,2014,77.7
36,6,2015,77.6
36,8,1960,70.6
36,8,1961,70.8
36,8,1962,70.5
36,8,1963,71.5
36,8,1964,71.6
36,8,1965,72.4
36,8,1966,72.9
36,8,1967,72.6
36,8,1968,73.6
36,8,1969,73.1
36,8,1970,73.3
36,8,1971,73.3
36,8,1972,74.2
36,8,1973,74.3
36,8,1974,74.6
36,8,1975,74.3
36,8,1976,74.6
36,8,1977,74.5
36,8,1978,74.5
36,8,1979,74.9
36,8,1980,74.4
36,8,1981,75.2
36,8,1982,75.2
36,8,1983,75.2
36,8,1984,75
36,8,1985,75.3
36,8,1986,75.1
36,8,1987,75.2
36,8,1988,75.7
36,8,1989,75.5
36,8,1990,75.3
36,8,1991,75.1
36,8,1992,75.6
36,8,1993,75.9
36,8,1994,76.1
36,8,1995,76.4
36,8,1996,76.6
36,8,1997,77
36,8,1998,77.4
36,8,1999,77.5
36,8,2000,78
36,8,2001,78.4
36,8,2002,78.8
36,8,2003,78.8
36,8,2004,79.2
36,8,2005,79.3
36,8,2006,79.7
36,8,2007,79.8
36,8,2008,80
36,8,2009,80.1
36,8,2010,80.7
36,8,2011,81.1
36,8,2012,81.1
36,8,2013,81.2
36,8,2014,81.7
36,8,2015,81.6
37,7,1960,61.1
37,7,1961,59.9
37,7,1962,61.2
37,7,1963,61.8
37,7,1964,62
37,7,1965,62.6
37,7,1966,62
37,7,1967,62.8
37,7,1968,63.3
37,7,1969,62.8
37,7,1970,63.6
37,7,1971,63.1
37,7,1972,65.2
37,7,1973,64.4
37,7,1974,64.8
37,7,1975,64.6
37,7,1976,65.3
37,7,1977,66.4
37,7,1978,67.1
37,7,1979,67.9
37,7,1980,67.9
37,7,1981,68.2
37,7,1982,69
37,7,1983,69
37,7,1984,69.2
37,7,1985,69.4
37,7,1986,69.9
37,7,1987,70.3
37,7,1988,70.3
37,7,1989,70.9
37,7,1990,70.6
37,7,1991,70.5
37,7,1992,71
37,7,1993,71
37,7,1994,72
37,7,1995,71.7
37,7,1996,71.6
37,7,1997,72.2
37,7,1998,72.4
37,7,1999,72.7
37,7,2000,73.3
37,7,2001,73.6
37,7,2002,73.9
37,7,2003,74.2
37,7,2004,75
37,7,2005,74.9
37,7,2006,75.5
37,7,2007,75.9
37,7,2008,76.2
37,7,2009,76.5
37,7,2010,76.8
37,7,2011,77.3
37,7,2012,77.3
37,7,2013,77.6
37,7,2014,78
37,7,2015,78.1
37,6,1960,63.9
37,6,1961,62.7
37,6,1962,64.1
37,6,1963,64.7
37,6,1964,64.9
37,6,1965,65.8
37,6,1966,65.2
37,6,1967,66
37,6,1968,66.4
37,6,1969,65.9
37,6,1970,66.7
37,6,1971,66.4
37,6,1972,68.4
37,6,1973,67.5
37,6,1974,68.1
37,6,1975,68.4
37,6,1976,69
37,6,1977,70.1
37,6,1978,70.5
37,6,1979,71.3
37,6,1980,71.4
37,6,1981,71.7
37,6,1982,72.5
37,6,1983,72.4
37,6,1984,72.7
37,6,1985,73
37,6,1986,73.4
37,6,1987,73.8
37,6,1988,73.8
37,6,1989,74.4
37,6,1990,74.1
37,6,1991,74.1
37,6,1992,74.7
37,6,1993,74.6
37,6,1994,75.5
37,6,1995,75.4
37,6,1996,75.3
37,6,1997,75.8
37,6,1998,76
37,6,1999,76.3
37,6,2000,76.9
37,6,2001,77.2
37,6,2002,77.4
37,6,2003,77.5
37,6,2004,78.4
37,6,2005,78.2
37,6,2006,79
37,6,2007,79.2
37,6,2008,79.5
37,6,2009,79.7
37,6,2010,80
37,6,2011,80.6
37,6,2012,80.5
37,6,2013,80.8
37,6,2014,81.2
37,6,2015,81.2
37,8,1960,66.7
37,8,1961,65.4
37,8,1962,67
37,8,1963,67.6
37,8,1964,67.8
37,8,1965,68.9
37,8,1966,68.4
37,8,1967,69.2
37,8,1968,69.4
37,8,1969,69
37,8,1970,69.7
37,8,1971,69.7
37,8,1972,71.5
37,8,1973,70.6
37,8,1974,71.4
37,8,1975,72.1
37,8,1976,72.6
37,8,1977,73.7
37,8,1978,73.9
37,8,1979,74.7
37,8,1980,74.9
37,8,1981,75.2
37,8,1982,76
37,8,1983,75.8
37,8,1984,76.2
37,8,1985,76.5
37,8,1986,76.8
37,8,1987,77.2
37,8,1988,77.3
37,8,1989,77.9
37,8,1990,77.5
37,8,1991,77.7
37,8,1992,78.4
37,8,1993,78.1
37,8,1994,79
37,8,1995,79
37,8,1996,79
37,8,1997,79.4
37,8,1998,79.6
37,8,1999,79.8
37,8,2000,80.4
37,8,2001,80.7
37,8,2002,80.8
37,8,2003,80.8
37,8,2004,81.8
37,8,2005,81.5
37,8,2006,82.5
37,8,2007,82.5
37,8,2008,82.7
37,8,2009,82.8
37,8,2010,83.2
37,8,2011,83.8
37,8,2012,83.6
37,8,2013,84
37,8,2014,84.4
37,8,2015,84.3
39,7,1960,67.9
39,7,1961,68.6
39,7,1962,68
39,7,1963,68.3
39,7,1964,68.8
39,7,1965,67.9
39,7,1966,67.8
39,7,1967,68.4
39,7,1968,67.7
39,7,1969,66.9
39,7,1970,66.8
39,7,1971,66.6
39,7,1972,67
39,7,1973,66.8
39,7,1974,66.8
39,7,1975,66.9
39,7,1976,67
39,7,1977,66.8
39,7,1978,66.9
39,7,1979,67.2
39,7,1980,66.7
39,7,1981,66.8
39,7,1982,67
39,7,1983,66.7
39,7,1984,66.9
39,7,1985,67
39,7,1986,67.2
39,7,1987,67.4
39,7,1988,67.2
39,7,1989,67
39,7,1990,66.7
39,7,1991,66.9
39,7,1992,67.1
39,7,1993,67.8
39,7,1994,68.3
39,7,1995,68.4
39,7,1996,68.8
39,7,1997,68.9
39,7,1998,68.6
39,7,1999,69
39,7,2000,69.2
39,7,2001,69.5
39,7,2002,69.8
39,7,2003,69.8
39,7,2004,70.3
39,7,2005,70.2
39,7,2006,70.4
39,7,2007,70.6
39,7,2008,70.9
39,7,2009,71.4
39,7,2010,71.8
39,7,2011,72.3
39,7,2012,72.5
39,7,2013,72.9
39,7,2014,73.3
39,7,2015,73.1
39,6,1960,70.3
39,6,1961,70.9
39,6,1962,70.4
39,6,1963,70.8
39,6,1964,71.2
39,6,1965,70.4
39,6,1966,70.6
39,6,1967,71.2
39,6,1968,70.7
39,6,1969,70.1
39,6,1970,70
39,6,1971,70
39,6,1972,70.5
39,6,1973,70.1
39,6,1974,70.3
39,6,1975,70.5
39,6,1976,70.6
39,6,1977,70.6
39,6,1978,70.6
39,6,1979,70.9
39,6,1980,70.6
39,6,1981,70.9
39,6,1982,71
39,6,1983,70.7
39,6,1984,71
39,6,1985,71
39,6,1986,71.2
39,6,1987,71.4
39,6,1988,71.5
39,6,1989,71.3
39,6,1990,71.2
39,6,1991,71.2
39,6,1992,71.6
39,6,1993,72.1
39,6,1994,72.5
39,6,1995,72.5
39,6,1996,72.9
39,6,1997,72.9
39,6,1998,72.8
39,6,1999,73.2
39,6,2000,73.4
39,6,2001,73.6
39,6,2002,73.8
39,6,2003,73.8
39,6,2004,74.2
39,6,2005,74.2
39,6,2006,74.4
39,6,2007,74.5
39,6,2008,75
39,6,2009,75.3
39,6,2010,75.6
39,6,2011,76.1
39,6,2012,76.2
39,6,2013,76.5
39,6,2014,76.9
39,6,2015,76.7
39,8,1960,72.7
39,8,1961,73.2
39,8,1962,72.7
39,8,1963,73.3
39,8,1964,73.6
39,8,1965,72.9
39,8,1966,73.3
39,8,1967,73.9
39,8,1968,73.6
39,8,1969,73.3
39,8,1970,73.1
39,8,1971,73.3
39,8,1972,73.9
39,8,1973,73.4
39,8,1974,73.7
39,8,1975,74
39,8,1976,74.1
39,8,1977,74.3
39,8,1978,74.2
39,8,1979,74.6
39,8,1980,74.4
39,8,1981,74.9
39,8,1982,74.9
39,8,1983,74.7
39,8,1984,75.1
39,8,1985,75
39,8,1986,75.1
39,8,1987,75.4
39,8,1988,75.7
39,8,1989,75.6
39,8,1990,75.7
39,8,1991,75.5
39,8,1992,76
39,8,1993,76.3
39,8,1994,76.7
39,8,1995,76.5
39,8,1996,77
39,8,1997,76.9
39,8,1998,77
39,8,1999,77.4
39,8,2000,77.5
39,8,2001,77.7
39,8,2002,77.7
39,8,2003,77.7
39,8,2004,78
39,8,2005,78.1
39,8,2006,78.4
39,8,2007,78.4
39,8,2008,79
39,8,2009,79.1
39,8,2010,79.3
39,8,2011,79.8
39,8,2012,79.9
39,8,2013,80.1
39,8,2014,80.5
39,8,2015,80.2
14,7,1960,67.4
14,7,1970,69.2
14,7,1975,70.5
14,7,1976,70.8
14,7,1977,71.2
14,7,1978,71.3
14,7,1979,71.8
14,7,1980,72.3
14,7,1981,72.5
14,7,1982,73.1
14,7,1983,72.9
14,7,1984,73.1
14,7,1985,73.1
14,7,1986,73.4
14,7,1987,73.5
14,7,1988,73.5
14,7,1989,73.4
14,7,1990,73.3
14,7,1991,73.4
14,7,1992,73.8
14,7,1993,74
14,7,1994,74.4
14,7,1995,74.4
14,7,1996,74.5
14,7,1997,75.2
14,7,1998,75.3
14,7,1999,75.3
14,7,2000,75.8
14,7,2001,76.3
14,7,2002,76.4
14,7,2003,76.4
14,7,2004,77
14,7,2005,77
14,7,2006,77.8
14,7,2007,77.9
14,7,2008,78.3
14,7,2009,78.8
14,7,2010,79.2
14,7,2011,79.5
14,7,2012,79.5
14,7,2013,80.2
14,7,2014,80.4
14,7,2015,80.1
14,6,1960,69.8
14,6,1970,72
14,6,1975,73.4
14,6,1976,73.7
14,6,1977,74.2
14,6,1978,74.4
14,6,1979,74.9
14,6,1980,75.4
14,6,1981,75.7
14,6,1982,76.3
14,6,1983,76
14,6,1984,76.4
14,6,1985,76.4
14,6,1986,76.7
14,6,1987,76.9
14,6,1988,76.9
14,6,1989,77
14,6,1990,77
14,6,1991,77.1
14,6,1992,77.6
14,6,1993,77.7
14,6,1994,78.1
14,6,1995,78.1
14,6,1996,78.3
14,6,1997,78.8
14,6,1998,78.9
14,6,1999,78.8
14,6,2000,79.3
14,6,2001,79.8
14,6,2002,79.9
14,6,2003,79.7
14,6,2004,80.4
14,6,2005,80.3
14,6,2006,81.1
14,6,2007,81.2
14,6,2008,81.5
14,6,2009,81.9
14,6,2010,82.4
14,6,2011,82.6
14,6,2012,82.5
14,6,2013,83.2
14,6,2014,83.3
14,6,2015,83
14,8,1960,72.2
14,8,1970,74.8
14,8,1975,76.3
14,8,1976,76.6
14,8,1977,77.1
14,8,1978,77.4
14,8,1979,78
14,8,1980,78.5
14,8,1981,78.8
14,8,1982,79.4
14,8,1983,79.1
14,8,1984,79.7
14,8,1985,79.6
14,8,1986,79.9
14,8,1987,80.2
14,8,1988,80.3
14,8,1989,80.5
14,8,1990,80.6
14,8,1991,80.7
14,8,1992,81.3
14,8,1993,81.3
14,8,1994,81.7
14,8,1995,81.8
14,8,1996,82
14,8,1997,82.4
14,8,1998,82.4
14,8,1999,82.3
14,8,2000,82.8
14,8,2001,83.2
14,8,2002,83.3
14,8,2003,83
14,8,2004,83.7
14,8,2005,83.6
14,8,2006,84.4
14,8,2007,84.4
14,8,2008,84.6
14,8,2009,85
14,8,2010,85.5
14,8,2011,85.6
14,8,2012,85.5
14,8,2013,86.1
14,8,2014,86.2
14,8,2015,85.8
41,7,1960,71.2
41,7,1961,71.6
41,7,1962,71.3
41,7,1963,71.6
41,7,1964,71.7
41,7,1965,71.7
41,7,1966,71.9
41,7,1967,71.9
41,7,1968,71.7
41,7,1969,71.7
41,7,1970,72.3
41,7,1971,72
41,7,1972,72
41,7,1973,72.2
41,7,1974,72.2
41,7,1975,72.2
41,7,1976,72.2
41,7,1977,72.4
41,7,1978,72.5
41,7,1979,72.5
41,7,1980,72.8
41,7,1981,73.1
41,7,1982,73.5
41,7,1983,73.6
41,7,1984,73.9
41,7,1985,73.8
41,7,1986,74
41,7,1987,74.2
41,7,1988,74.1
41,7,1989,74.8
41,7,1990,74.8
41,7,1991,75
41,7,1992,75.4
41,7,1993,75.5
41,7,1994,76.1
41,7,1995,76.2
41,7,1996,76.6
41,7,1997,76.8
41,7,1998,76.9
41,7,1999,77.1
41,7,2000,77.4
41,7,2001,77.6
41,7,2002,77.7
41,7,2003,78
41,7,2004,78.4
41,7,2005,78.5
41,7,2006,78.8
41,7,2007,79
41,7,2008,79.2
41,7,2009,79.4
41,7,2010,79.6
41,7,2011,79.9
41,7,2012,79.9
41,7,2013,80.2
41,7,2014,80.4
41,7,2015,80.4
41,6,1960,73.1
41,6,1961,73.5
41,6,1962,73.4
41,6,1963,73.6
41,6,1964,73.8
41,6,1965,73.9
41,6,1966,74.2
41,6,1967,74.2
41,6,1968,74.1
41,6,1969,74.2
41,6,1970,74.8
41,6,1971,74.8
41,6,1972,74.8
41,6,1973,75
41,6,1974,75.1
41,6,1975,75.2
41,6,1976,75.1
41,6,1977,75.6
41,6,1978,75.7
41,6,1979,75.7
41,6,1980,75.9
41,6,1981,76.2
41,6,1982,76.5
41,6,1983,76.7
41,6,1984,77
41,6,1985,76.8
41,6,1986,77.1
41,6,1987,77.3
41,6,1988,77.1
41,6,1989,77.8
41,6,1990,77.7
41,6,1991,77.9
41,6,1992,78.2
41,6,1993,78.2
41,6,1994,78.9
41,6,1995,79
41,6,1996,79.2
41,6,1997,79.4
41,6,1998,79.5
41,6,1999,79.6
41,6,2000,79.7
41,6,2001,79.9
41,6,2002,79.9
41,6,2003,80.3
41,6,2004,80.6
41,6,2005,80.7
41,6,2006,81
41,6,2007,81.1
41,6,2008,81.3
41,6,2009,81.5
41,6,2010,81.6
41,6,2011,81.9
41,6,2012,81.8
41,6,2013,82
41,6,2014,82.3
41,6,2015,82.3
41,8,1960,74.9
41,8,1961,75.4
41,8,1962,75.4
41,8,1963,75.6
41,8,1964,75.9
41,8,1965,76.1
41,8,1966,76.5
41,8,1967,76.5
41,8,1968,76.4
41,8,1969,76.7
41,8,1970,77.3
41,8,1971,77.5
41,8,1972,77.6
41,8,1973,77.8
41,8,1974,78
41,8,1975,78.1
41,8,1976,78
41,8,1977,78.7
41,8,1978,78.8
41,8,1979,78.8
41,8,1980,79
41,8,1981,79.3
41,8,1982,79.5
41,8,1983,79.8
41,8,1984,80.1
41,8,1985,79.8
41,8,1986,80.2
41,8,1987,80.3
41,8,1988,80
41,8,1989,80.7
41,8,1990,80.5
41,8,1991,80.7
41,8,1992,81
41,8,1993,80.9
41,8,1994,81.6
41,8,1995,81.7
41,8,1996,81.7
41,8,1997,82
41,8,1998,82.1
41,8,1999,82
41,8,2000,82
41,8,2001,82.2
41,8,2002,82.1
41,8,2003,82.5
41,8,2004,82.8
41,8,2005,82.9
41,8,2006,83.1
41,8,2007,83.1
41,8,2008,83.3
41,8,2009,83.5
41,8,2010,83.6
41,8,2011,83.8
41,8,2012,83.6
41,8,2013,83.8
41,8,2014,84.2
41,8,2015,84.1
6,7,1960,68.7
6,7,1961,68.9
6,7,1962,68.4
6,7,1963,68.3
6,7,1964,69.2
6,7,1965,69.5
6,7,1966,69.6
6,7,1967,69.7
6,7,1968,69.8
6,7,1969,69.7
6,7,1970,70
6,7,1971,70.2
6,7,1972,70.6
6,7,1973,71
6,7,1974,71.2
6,7,1975,71.5
6,7,1976,71.6
6,7,1977,72
6,7,1978,71.9
6,7,1979,72.3
6,7,1980,72.3
6,7,1981,72.5
6,7,1982,72.8
6,7,1983,72.7
6,7,1984,73.4
6,7,1985,73.5
6,7,1986,73.7
6,7,1987,74
6,7,1988,73.9
6,7,1989,74.1
6,7,1990,74
6,7,1991,74.2
6,7,1992,74.3
6,7,1993,75
6,7,1994,75.2
6,7,1995,75.4
6,7,1996,76
6,7,1997,76.3
6,7,1998,76.4
6,7,1999,76.8
6,7,2000,77
6,7,2001,77.5
6,7,2002,77.9
6,7,2003,78
6,7,2004,78.6
6,7,2005,78.7
6,7,2006,79.2
6,7,2007,79.5
6,7,2008,79.8
6,7,2009,79.9
6,7,2010,80.3
6,7,2011,80.5
6,7,2012,80.6
6,7,2013,80.7
6,7,2014,81.1
6,7,2015,80.8
6,6,1960,71.4
6,6,1961,71.8
6,6,1962,71.3
6,6,1963,71.3
6,6,1964,72.2
6,6,1965,72.3
6,6,1966,72.5
6,6,1967,72.8
6,6,1968,72.7
6,6,1969,72.7
6,6,1970,73.1
6,6,1971,73.3
6,6,1972,73.8
6,6,1973,74.1
6,6,1974,74.4
6,6,1975,74.8
6,6,1976,74.9
6,6,1977,75.4
6,6,1978,75.4
6,6,1979,75.7
6,6,1980,75.7
6,6,1981,75.9
6,6,1982,76.2
6,6,1983,76.2
6,6,1984,76.9
6,6,1985,77
6,6,1986,77.1
6,6,1987,77.5
6,6,1988,77.5
6,6,1989,77.7
6,6,1990,77.5
6,6,1991,77.8
6,6,1992,78
6,6,1993,78.4
6,6,1994,78.6
6,6,1995,78.7
6,6,1996,79.1
6,6,1997,79.3
6,6,1998,79.6
6,6,1999,79.8
6,6,2000,79.9
6,6,2001,80.4
6,6,2002,80.6
6,6,2003,80.6
6,6,2004,81.2
6,6,2005,81.4
6,6,2006,81.7
6,6,2007,82
6,6,2008,82.2
6,6,2009,82.3
6,6,2010,82.6
6,6,2011,82.8
6,6,2012,82.8
6,6,2013,82.9
6,6,2014,83.3
6,6,2015,83
6,8,1960,74.1
6,8,1961,74.6
6,8,1962,74.1
6,8,1963,74.3
6,8,1964,75.2
6,8,1965,75.1
6,8,1966,75.3
6,8,1967,75.8
6,8,1968,75.6
6,8,1969,75.7
6,8,1970,76.2
6,8,1971,76.3
6,8,1972,76.9
6,8,1973,77.1
6,8,1974,77.6
6,8,1975,78.1
6,8,1976,78.2
6,8,1977,78.8
6,8,1978,78.8
6,8,1979,79
6,8,1980,79
6,8,1981,79.3
6,8,1982,79.6
6,8,1983,79.7
6,8,1984,80.3
6,8,1985,80.4
6,8,1986,80.5
6,8,1987,80.9
6,8,1988,81
6,8,1989,81.2
6,8,1990,80.9
6,8,1991,81.4
6,8,1992,81.6
6,8,1993,81.7
6,8,1994,82
6,8,1995,81.9
6,8,1996,82.2
6,8,1997,82.2
6,8,1998,82.7
6,8,1999,82.7
6,8,2000,82.8
6,8,2001,83.2
6,8,2002,83.2
6,8,2003,83.2
6,8,2004,83.8
6,8,2005,84
6,8,2006,84.2
6,8,2007,84.4
6,8,2008,84.6
6,8,2009,84.6
6,8,2010,84.9
6,8,2011,85
6,8,2012,84.9
6,8,2013,85
6,8,2014,85.4
6,8,2015,85.1
42,7,1960,46.3
42,7,1961,47
42,7,1962,47.6
42,7,1963,48.2
42,7,1964,48.9
42,7,1965,49.5
42,7,1966,50.1
42,7,1967,50.8
42,7,1968,51.3
42,7,1969,51.6
42,7,1970,52
42,7,1971,52.4
42,7,1972,52.8
42,7,1973,53.2
42,7,1974,53.5
42,7,1975,53.9
42,7,1976,54.2
42,7,1977,54.6
42,7,1978,55
42,7,1979,55.4
42,7,1980,55.8
42,7,1981,56.3
42,7,1982,56.7
42,7,1983,57.5
42,7,1984,58.6
42,7,1985,59.8
42,7,1986,60.9
42,7,1987,62.1
42,7,1988,62.9
42,7,1989,63.4
42,7,1990,65.4
42,7,1991,65.7
42,7,1992,66.1
42,7,1993,66.4
42,7,1994,66.8
42,7,1995,67.2
42,7,1996,67.6
42,7,1997,68
42,7,1998,68.3
42,7,1999,68.6
42,7,2000,69
42,7,2001,69.4
42,7,2002,69.8
42,7,2003,70.2
42,7,2004,70.6
42,7,2005,71
42,7,2006,71.2
42,7,2007,71.4
42,7,2008,71.5
42,7,2009,71.7
42,7,2010,71.8
42,7,2011,72
42,7,2012,72
42,7,2013,75.3
42,7,2014,75.3
42,7,2015,75.3
42,6,1960,48.3
42,6,1961,49
42,6,1962,49.7
42,6,1963,50.3
42,6,1964,51
42,6,1965,51.6
42,6,1966,52.2
42,6,1967,52.9
42,6,1968,53.4
42,6,1969,53.8
42,6,1970,54.2
42,6,1971,54.6
42,6,1972,55
42,6,1973,55.4
42,6,1974,55.7
42,6,1975,56.1
42,6,1976,56.5
42,6,1977,56.9
42,6,1978,57.3
42,6,1979,57.7
42,6,1980,58.1
42,6,1981,58.5
42,6,1982,58.9
42,6,1983,59.7
42,6,1984,60.9
42,6,1985,62.1
42,6,1986,63.2
42,6,1987,64.4
42,6,1988,65.2
42,6,1989,65.7
42,6,1990,67.5
42,6,1991,67.8
42,6,1992,68.2
42,6,1993,68.5
42,6,1994,68.9
42,6,1995,69.3
42,6,1996,69.7
42,6,1997,70.1
42,6,1998,70.3
42,6,1999,70.7
42,6,2000,71.1
42,6,2001,71.5
42,6,2002,71.9
42,6,2003,72.3
42,6,2004,72.7
42,6,2005,73.1
42,6,2006,73.4
42,6,2007,73.7
42,6,2008,73.9
42,6,2009,74.1
42,6,2010,74.3
42,6,2011,74.6
42,6,2012,74.6
42,6,2013,78
42,6,2014,78
42,6,2015,78
42,8,1960,50.3
42,8,1961,51
42,8,1962,51.7
42,8,1963,52.3
42,8,1964,53
42,8,1965,53.6
42,8,1966,54.3
42,8,1967,54.9
42,8,1968,55.5
42,8,1969,55.9
42,8,1970,56.3
42,8,1971,56.7
42,8,1972,57.1
42,8,1973,57.5
42,8,1974,57.9
42,8,1975,58.3
42,8,1976,58.7
42,8,1977,59.2
42,8,1978,59.6
42,8,1979,60
42,8,1980,60.3
42,8,1981,60.7
42,8,1982,61.1
42,8,1983,61.9
42,8,1984,63.1
42,8,1985,64.3
42,8,1986,65.5
42,8,1987,66.7
42,8,1988,67.5
42,8,1989,68
42,8,1990,69.5
42,8,1991,69.8
42,8,1992,70.2
42,8,1993,70.6
42,8,1994,71
42,8,1995,71.3
42,8,1996,71.8
42,8,1997,72.2
42,8,1998,72.3
42,8,1999,72.7
42,8,2000,73.1
42,8,2001,73.5
42,8,2002,73.9
42,8,2003,74.4
42,8,2004,74.8
42,8,2005,75.2
42,8,2006,75.6
42,8,2007,75.9
42,8,2008,76.2
42,8,2009,76.5
42,8,2010,76.8
42,8,2011,77.1
42,8,2012,77.2
42,8,2013,80.7
42,8,2014,80.7
42,8,2015,80.7
18,7,1960,67.9
18,7,1961,67.8
18,7,1970,68.7
18,7,1971,68.8
18,7,1980,70.2
18,7,1981,70.8
18,7,1982,71.1
18,7,1983,71.3
18,7,1984,71.6
18,7,1985,71.7
18,7,1986,71.9
18,7,1987,72.3
18,7,1988,72.4
18,7,1989,72.6
18,7,1990,72.9
18,7,1991,73.1
18,7,1992,73.6
18,7,1993,73.5
18,7,1994,74.1
18,7,1995,74
18,7,1996,74.3
18,7,1997,74.6
18,7,1998,74.8
18,7,1999,75
18,7,2000,75.5
18,7,2001,75.8
18,7,2002,76
18,7,2003,76.2
18,7,2004,76.8
18,7,2005,77
18,7,2006,77.3
18,7,2007,77.6
18,7,2008,77.7
18,7,2009,78.3
18,7,2010,78.6
18,7,2011,79
18,7,2012,79.1
18,7,2013,79.2
18,7,2014,79.5
18,7,2015,79.2
18,6,1960,70.8
18,6,1961,70.7
18,6,1970,71.9
18,6,1971,71.9
18,6,1980,73.2
18,6,1981,73.8
18,6,1982,74.1
18,6,1983,74.3
18,6,1984,74.5
18,6,1985,74.7
18,6,1986,74.8
18,6,1987,75.2
18,6,1988,75.3
18,6,1989,75.4
18,6,1990,75.7
18,6,1991,75.9
18,6,1992,76.3
18,6,1993,76.2
18,6,1994,76.8
18,6,1995,76.7
18,6,1996,76.9
18,6,1997,77.2
18,6,1998,77.3
18,6,1999,77.5
18,6,2000,77.9
18,6,2001,78.2
18,6,2002,78.3
18,6,2003,78.4
18,6,2004,79
18,6,2005,79.2
18,6,2006,79.5
18,6,2007,79.7
18,6,2008,79.8
18,6,2009,80.4
18,6,2010,80.6
18,6,2011,81
18,6,2012,81
18,6,2013,81.1
18,6,2014,81.4
18,6,2015,81
18,8,1960,73.7
18,8,1961,73.6
18,8,1970,75
18,8,1971,75
18,8,1980,76.2
18,8,1981,76.8
18,8,1982,77
18,8,1983,77.3
18,8,1984,77.4
18,8,1985,77.6
18,8,1986,77.7
18,8,1987,78
18,8,1988,78.1
18,8,1989,78.1
18,8,1990,78.5
18,8,1991,78.7
18,8,1992,79
18,8,1993,78.9
18,8,1994,79.5
18,8,1995,79.3
18,8,1996,79.5
18,8,1997,79.7
18,8,1998,79.8
18,8,1999,79.9
18,8,2000,80.3
18,8,2001,80.5
18,8,2002,80.6
18,8,2003,80.5
18,8,2004,81.1
18,8,2005,81.3
18,8,2006,81.6
18,8,2007,81.8
18,8,2008,81.8
18,8,2009,82.4
18,8,2010,82.6
18,8,2011,83
18,8,2012,82.8
18,8,2013,82.9
18,8,2014,83.2
18,8,2015,82.8
43,7,1960,66.6
43,7,1961,67.1
43,7,1962,66.9
43,7,1963,66.6
43,7,1964,66.8
43,7,1965,66.8
43,7,1966,66.7
43,7,1967,67
43,7,1968,66.6
43,7,1969,66.8
43,7,1970,67.1
43,7,1971,67.4
43,7,1972,67.4
43,7,1973,67.6
43,7,1974,68.2
43,7,1975,68.8
43,7,1976,69.1
43,7,1977,69.5
43,7,1978,69.6
43,7,1979,70
43,7,1980,70
43,7,1981,70.4
43,7,1982,70.8
43,7,1983,71
43,7,1984,71.1
43,7,1985,71.1
43,7,1986,71.2
43,7,1987,71.4
43,7,1988,71.4
43,7,1989,71.7
43,7,1990,71.8
43,7,1991,72
43,7,1992,72.3
43,7,1993,72.2
43,7,1994,72.4
43,7,1995,72.5
43,7,1996,73.1
43,7,1997,73.6
43,7,1998,73.8
43,7,1999,73.9
43,7,2000,74.1
43,7,2001,74.3
43,7,2002,74.4
43,7,2003,74.5
43,7,2004,75
43,7,2005,75
43,7,2006,75.2
43,7,2007,75.5
43,7,2008,75.6
43,7,2009,76
43,7,2010,76.2
43,7,2011,76.3
43,7,2012,76.4
43,7,2013,76.4
43,7,2014,76.5
43,7,2015,76.3
43,6,1960,69.9
43,6,1961,70.4
43,6,1962,70.2
43,6,1963,70
43,6,1964,70.3
43,6,1965,70.3
43,6,1966,70.3
43,6,1967,70.7
43,6,1968,70.4
43,6,1969,70.6
43,6,1970,70.9
43,6,1971,71.2
43,6,1972,71.3
43,6,1973,71.5
43,6,1974,72.1
43,6,1975,72.7
43,6,1976,73
43,6,1977,73.4
43,6,1978,73.5
43,6,1979,73.9
43,6,1980,73.7
43,6,1981,74.1
43,6,1982,74.5
43,6,1983,74.6
43,6,1984,74.7
43,6,1985,74.7
43,6,1986,74.7
43,6,1987,74.9
43,6,1988,74.9
43,6,1989,75.1
43,6,1990,75.3
43,6,1991,75.5
43,6,1992,75.7
43,6,1993,75.5
43,6,1994,75.7
43,6,1995,75.7
43,6,1996,76.1
43,6,1997,76.5
43,6,1998,76.7
43,6,1999,76.7
43,6,2000,76.7
43,6,2001,76.9
43,6,2002,77
43,6,2003,77.1
43,6,2004,77.6
43,6,2005,77.6
43,6,2006,77.8
43,6,2007,78.1
43,6,2008,78.1
43,6,2009,78.5
43,6,2010,78.6
43,6,2011,78.7
43,6,2012,78.8
43,6,2013,78.8
43,6,2014,78.9
43,6,2015,78.8
43,8,1960,73.1
43,8,1961,73.6
43,8,1962,73.5
43,8,1963,73.4
43,8,1964,73.7
43,8,1965,73.8
43,8,1966,73.8
43,8,1967,74.3
43,8,1968,74.1
43,8,1969,74.4
43,8,1970,74.7
43,8,1971,75
43,8,1972,75.1
43,8,1973,75.3
43,8,1974,75.9
43,8,1975,76.6
43,8,1976,76.8
43,8,1977,77.2
43,8,1978,77.3
43,8,1979,77.8
43,8,1980,77.4
43,8,1981,77.8
43,8,1982,78.1
43,8,1983,78.1
43,8,1984,78.2
43,8,1985,78.2
43,8,1986,78.2
43,8,1987,78.3
43,8,1988,78.3
43,8,1989,78.5
43,8,1990,78.8
43,8,1991,78.9
43,8,1992,79.1
43,8,1993,78.8
43,8,1994,79
43,8,1995,78.9
43,8,1996,79.1
43,8,1997,79.4
43,8,1998,79.5
43,8,1999,79.4
43,8,2000,79.3
43,8,2001,79.5
43,8,2002,79.6
43,8,2003,79.7
43,8,2004,80.1
43,8,2005,80.1
43,8,2006,80.3
43,8,2007,80.6
43,8,2008,80.6
43,8,2009,80.9
43,8,2010,81
43,8,2011,81.1
43,8,2012,81.2
43,8,2013,81.2
43,8,2014,81.3
43,8,2015,81.2
4,7,1960,52.4
4,7,1961,52.9
4,7,1962,53.3
4,7,1963,53.7
4,7,1964,54.1
4,7,1965,54.5
4,7,1966,54.9
4,7,1967,55.3
4,7,1968,55.7
4,7,1969,56
4,7,1970,56.4
4,7,1971,56.7
4,7,1972,57
4,7,1973,57.3
4,7,1974,57.5
4,7,1975,57.8
4,7,1976,58
4,7,1977,58.2
4,7,1978,58.4
4,7,1979,58.7
4,7,1980,58.9
4,7,1981,59.2
4,7,1982,59.4
4,7,1983,59.7
4,7,1984,59.9
4,7,1985,60.2
4,7,1986,60.5
4,7,1987,60.8
4,7,1988,61
4,7,1989,61.3
4,7,1990,61.7
4,7,1991,62
4,7,1992,62.4
4,7,1993,62.9
4,7,1994,63.3
4,7,1995,63.8
4,7,1996,64.3
4,7,1997,64.8
4,7,1998,65.3
4,7,1999,65.8
4,7,2000,66.3
4,7,2001,66.7
4,7,2002,67.1
4,7,2003,67.5
4,7,2004,67.8
4,7,2005,68.1
4,7,2006,68.4
4,7,2007,68.7
4,7,2008,69
4,7,2009,69.3
4,7,2010,69.6
4,7,2011,69.8
4,7,2012,70.1
4,7,2013,70.4
4,7,2014,70.7
4,7,2015,71
4,6,1960,54.3
4,6,1961,54.8
4,6,1962,55.3
4,6,1963,55.8
4,6,1964,56.3
4,6,1965,56.8
4,6,1966,57.3
4,6,1967,57.8
4,6,1968,58.3
4,6,1969,58.8
4,6,1970,59.2
4,6,1971,59.6
4,6,1972,60
4,6,1973,60.3
4,6,1974,60.6
4,6,1975,60.9
4,6,1976,61.1
4,6,1977,61.4
4,6,1978,61.6
4,6,1979,61.8
4,6,1980,62.1
4,6,1981,62.4
4,6,1982,62.7
4,6,1983,63
4,6,1984,63.3
4,6,1985,63.7
4,6,1986,64
4,6,1987,64.3
4,6,1988,64.7
4,6,1989,65.1
4,6,1990,65.4
4,6,1991,65.8
4,6,1992,66.3
4,6,1993,66.7
4,6,1994,67.2
4,6,1995,67.7
4,6,1996,68.2
4,6,1997,68.7
4,6,1998,69.2
4,6,1999,69.7
4,6,2000,70
4,6,2001,70.5
4,6,2002,70.8
4,6,2003,71.2
4,6,2004,71.5
4,6,2005,71.8
4,6,2006,72.1
4,6,2007,72.4
4,6,2008,72.7
4,6,2009,73
4,6,2010,73.3
4,6,2011,73.6
4,6,2012,73.8
4,6,2013,74.1
4,6,2014,74.4
4,6,2015,74.7
4,8,1960,56.1
4,8,1961,56.7
4,8,1962,57.3
4,8,1963,57.9
4,8,1964,58.5
4,8,1965,59.1
4,8,1966,59.7
4,8,1967,60.3
4,8,1968,60.9
4,8,1969,61.5
4,8,1970,62
4,8,1971,62.5
4,8,1972,63
4,8,1973,63.4
4,8,1974,63.7
4,8,1975,64
4,8,1976,64.2
4,8,1977,64.5
4,8,1978,64.7
4,8,1979,65
4,8,1980,65.3
4,8,1981,65.6
4,8,1982,66
4,8,1983,66.3
4,8,1984,66.7
4,8,1985,67.1
4,8,1986,67.5
4,8,1987,67.9
4,8,1988,68.3
4,8,1989,68.8
4,8,1990,69.2
4,8,1991,69.6
4,8,1992,70.1
4,8,1993,70.6
4,8,1994,71.1
4,8,1995,71.6
4,8,1996,72.1
4,8,1997,72.6
4,8,1998,73.1
4,8,1999,73.5
4,8,2000,74
4,8,2001,74.4
4,8,2002,74.8
4,8,2003,75.1
4,8,2004,75.5
4,8,2005,75.8
4,8,2006,76
4,8,2007,76.3
4,8,2008,76.6
4,8,2009,76.9
4,8,2010,77.2
4,8,2011,77.4
4,8,2012,77.7
4,8,2013,78
4,8,2014,78.3
4,8,2015,78.5
7,7,1970,59.1
7,7,1990,69.4
7,7,1991,70.6
7,7,1992,71.4
7,7,1993,71.3
7,7,1994,71.7
7,7,1995,71.5
7,7,1996,71.8
7,7,1997,72.4
7,7,1998,72.6
7,7,1999,72.9
7,7,2000,73.7
7,7,2001,73.6
7,7,2002,74.1
7,7,2003,74.2
7,7,2004,74.2
7,7,2005,74.7
7,7,2006,75.1
7,7,2007,74.6
7,7,2008,75.2
7,7,2009,75.3
7,7,2010,75.2
7,7,2011,76
7,7,2012,76.1
7,7,2013,76.6
7,7,2014,76.8
7,7,2015,76.5
7,7,2016,76.7
7,6,1970,62.3
7,6,1990,72.9
7,6,1991,74
7,6,1992,74.5
7,6,1993,74.5
7,6,1994,75
7,6,1995,74.9
7,6,1996,75.2
7,6,1997,75.7
7,6,1998,75.8
7,6,1999,76
7,6,2000,76.8
7,6,2001,76.8
7,6,2002,77.2
7,6,2003,77.2
7,6,2004,77.2
7,6,2005,77.6
7,6,2006,78
7,6,2007,77.5
7,6,2008,78.1
7,6,2009,78.2
7,6,2010,78
7,6,2011,78.7
7,6,2012,78.7
7,6,2013,79.5
7,6,2014,79.7
7,6,2015,79.1
7,6,2016,79.2
7,8,1970,65.4
7,8,1990,76.5
7,8,1991,77.4
7,8,1992,77.6
7,8,1993,77.8
7,8,1994,78.3
7,8,1995,78.2
7,8,1996,78.6
7,8,1997,79.1
7,8,1998,79
7,8,1999,79.1
7,8,2000,80
7,8,2001,80
7,8,2002,80.3
7,8,2003,80.2
7,8,2004,80.2
7,8,2005,80.5
7,8,2006,80.8
7,8,2007,80.4
7,8,2008,81
7,8,2009,81.1
7,8,2010,80.9
7,8,2011,81.4
7,8,2012,81.3
7,8,2013,82.4
7,8,2014,82.5
7,8,2015,81.7
7,8,2016,81.8
8,7,1960,42
8,7,1961,42.3
8,7,1962,43.1
8,7,1963,44.2
8,7,1964,45.7
8,7,1965,47.5
8,7,1966,49.6
8,7,1967,51.6
8,7,1968,53.6
8,7,1969,55.4
8,7,1970,56.9
8,7,1971,58.2
8,7,1972,59.4
8,7,1973,60.4
8,7,1974,61.4
8,7,1975,62.2
8,7,1976,62.9
8,7,1977,63.6
8,7,1978,64.2
8,7,1979,64.7
8,7,1980,65.1
8,7,1981,65.5
8,7,1982,65.8
8,7,1983,66.1
8,7,1984,66.4
8,7,1985,66.6
8,7,1986,66.8
8,7,1987,67
8,7,1988,67.2
8,7,1989,67.3
8,7,1990,67.4
8,7,1991,67.5
8,7,1992,67.6
8,7,1993,67.8
8,7,1994,67.9
8,7,1995,68.1
8,7,1996,68.4
8,7,1997,68.8
8,7,1998,69.1
8,7,1999,69.6
8,7,2000,70.1
8,7,2001,70.6
8,7,2002,71.1
8,7,2003,71.5
8,7,2004,71.9
8,7,2005,72.3
8,7,2006,72.6
8,7,2007,72.8
8,7,2008,73.1
8,7,2009,73.3
8,7,2010,73.5
8,7,2011,73.7
8,7,2012,73.9
8,7,2013,74.1
8,7,2014,74.3
8,7,2015,74.5
8,6,1960,43.4
8,6,1961,43.7
8,6,1962,44.4
8,6,1963,45.6
8,6,1964,47.2
8,6,1965,49.2
8,6,1966,51.3
8,6,1967,53.5
8,6,1968,55.5
8,6,1969,57.2
8,6,1970,58.7
8,6,1971,60
8,6,1972,61
8,6,1973,61.9
8,6,1974,62.8
8,6,1975,63.6
8,6,1976,64.3
8,6,1977,65
8,6,1978,65.6
8,6,1979,66.1
8,6,1980,66.6
8,6,1981,67
8,6,1982,67.3
8,6,1983,67.7
8,6,1984,68
8,6,1985,68.2
8,6,1986,68.4
8,6,1987,68.6
8,6,1988,68.8
8,6,1989,68.9
8,6,1990,69.1
8,6,1991,69.2
8,6,1992,69.4
8,6,1993,69.6
8,6,1994,69.7
8,6,1995,70
8,6,1996,70.2
8,6,1997,70.6
8,6,1998,70.9
8,6,1999,71.3
8,6,2000,71.7
8,6,2001,72.2
8,6,2002,72.6
8,6,2003,73
8,6,2004,73.4
8,6,2005,73.8
8,6,2006,74.1
8,6,2007,74.3
8,6,2008,74.6
8,6,2009,74.8
8,6,2010,75
8,6,2011,75.2
8,6,2012,75.4
8,6,2013,75.6
8,6,2014,75.8
8,6,2015,76
8,8,1960,44.8
8,8,1961,45.1
8,8,1962,45.8
8,8,1963,47.1
8,8,1964,48.8
8,8,1965,50.8
8,8,1966,53.1
8,8,1967,55.3
8,8,1968,57.3
8,8,1969,59.1
8,8,1970,60.5
8,8,1971,61.7
8,8,1972,62.6
8,8,1973,63.5
8,8,1974,64.3
8,8,1975,65
8,8,1976,65.7
8,8,1977,66.4
8,8,1978,67
8,8,1979,67.5
8,8,1980,68
8,8,1981,68.5
8,8,1982,68.9
8,8,1983,69.2
8,8,1984,69.5
8,8,1985,69.8
8,8,1986,70
8,8,1987,70.2
8,8,1988,70.4
8,8,1989,70.5
8,8,1990,70.7
8,8,1991,70.9
8,8,1992,71.1
8,8,1993,71.3
8,8,1994,71.6
8,8,1995,71.8
8,8,1996,72.1
8,8,1997,72.4
8,8,1998,72.7
8,8,1999,73.1
8,8,2000,73.5
8,8,2001,73.8
8,8,2002,74.2
8,8,2003,74.6
8,8,2004,75
8,8,2005,75.3
8,8,2006,75.7
8,8,2007,75.9
8,8,2008,76.2
8,8,2009,76.4
8,8,2010,76.6
8,8,2011,76.8
8,8,2012,77
8,8,2013,77.2
8,8,2014,77.3
8,8,2015,77.5
15,7,1960,64.7
15,7,1961,65.1
15,7,1962,65.6
15,7,1963,65.4
15,7,1964,66.4
15,7,1965,66.3
15,7,1966,66.3
15,7,1967,66.4
15,7,1968,65.9
15,7,1969,65.3
15,7,1970,65.5
15,7,1971,65.7
15,7,1972,65.5
15,7,1973,66.1
15,7,1974,65.9
15,7,1975,65
15,7,1976,64.6
15,7,1977,64.7
15,7,1978,64.3
15,7,1979,64.1
15,7,1980,64.2
15,7,1981,64.1
15,7,1982,64.6
15,7,1983,64.4
15,7,1984,64.6
15,7,1985,64.6
15,7,1986,66.2
15,7,1987,66.3
15,7,1988,66.5
15,7,1989,65.7
15,7,1990,64.7
15,7,1991,64.4
15,7,1992,63.4
15,7,1993,62.3
15,7,1994,60.6
15,7,1995,61.4
15,7,1996,64.2
15,7,1997,64.2
15,7,1998,63.9
15,7,1999,65
15,7,2000,65.6
15,7,2001,65.2
15,7,2002,65.6
15,7,2003,66.4
15,7,2004,66.7
15,7,2005,67.6
15,7,2006,67.6
15,7,2007,67.5
15,7,2008,68.9
15,7,2009,70
15,7,2010,70.9
15,7,2011,71.4
15,7,2012,71.4
15,7,2013,72.8
15,7,2014,72.4
15,7,2015,73.2
15,6,1960,68.9
15,6,1961,69.2
15,6,1962,69.4
15,6,1963,69.5
15,6,1964,70.3
15,6,1965,70.3
15,6,1966,70.4
15,6,1967,70.6
15,6,1968,70.2
15,6,1969,69.9
15,6,1970,70
15,6,1971,70.3
15,6,1972,70.1
15,6,1973,70.4
15,6,1974,70.5
15,6,1975,69.9
15,6,1976,69.5
15,6,1977,69.6
15,6,1978,69.4
15,6,1979,69.2
15,6,1980,69.3
15,6,1981,69.1
15,6,1982,69.7
15,6,1983,69.6
15,6,1984,69.5
15,6,1985,69.6
15,6,1986,70.7
15,6,1987,70.7
15,6,1988,70.8
15,6,1989,70.3
15,6,1990,69.8
15,6,1991,69.7
15,6,1992,69.1
15,6,1993,68.2
15,6,1994,66.8
15,6,1995,67.9
15,6,1996,69.9
15,6,1997,70.1
15,6,1998,69.7
15,6,1999,70.6
15,6,2000,71
15,6,2001,70.9
15,6,2002,71.4
15,6,2003,71.8
15,6,2004,72.4
15,6,2005,72.9
15,6,2006,73.1
15,6,2007,73.2
15,6,2008,74.2
15,6,2009,75.2
15,6,2010,75.9
15,6,2011,76.4
15,6,2012,76.5
15,6,2013,77.3
15,6,2014,77.2
15,6,2015,77.7
15,8,1960,73.1
15,8,1961,73.3
15,8,1962,73.2
15,8,1963,73.6
15,8,1964,74.2
15,8,1965,74.3
15,8,1966,74.4
15,8,1967,74.8
15,8,1968,74.5
15,8,1969,74.4
15,8,1970,74.5
15,8,1971,74.8
15,8,1972,74.7
15,8,1973,74.7
15,8,1974,75.1
15,8,1975,74.8
15,8,1976,74.4
15,8,1977,74.5
15,8,1978,74.5
15,8,1979,74.2
15,8,1980,74.3
15,8,1981,74.1
15,8,1982,74.7
15,8,1983,74.8
15,8,1984,74.3
15,8,1985,74.5
15,8,1986,75.1
15,8,1987,75.1
15,8,1988,75
15,8,1989,74.9
15,8,1990,74.9
15,8,1991,75
15,8,1992,74.8
15,8,1993,74
15,8,1994,72.9
15,8,1995,74.3
15,8,1996,75.6
15,8,1997,75.9
15,8,1998,75.4
15,8,1999,76.1
15,8,2000,76.4
15,8,2001,76.5
15,8,2002,77.2
15,8,2003,77.2
15,8,2004,78
15,8,2005,78.2
15,8,2006,78.6
15,8,2007,78.9
15,8,2008,79.5
15,8,2009,80.3
15,8,2010,80.8
15,8,2011,81.3
15,8,2012,81.5
15,8,2013,81.7
15,8,2014,81.9
15,8,2015,82.2
22,7,1960,41.9
22,7,1961,42.5
22,7,1962,43.1
22,7,1963,43.8
22,7,1964,44.4
22,7,1965,45
22,7,1966,45.7
22,7,1967,46.3
22,7,1968,47
22,7,1969,47.6
22,7,1970,48.3
22,7,1971,48.9
22,7,1972,49.5
22,7,1973,50.1
22,7,1974,50.7
22,7,1975,51.3
22,7,1976,51.8
22,7,1977,52.4
22,7,1978,52.9
22,7,1979,53.3
22,7,1980,53.8
22,7,1981,54.2
22,7,1982,54.6
22,7,1983,55
22,7,1984,55.3
22,7,1985,55.7
22,7,1986,56.1
22,7,1987,56.4
22,7,1988,56.8
22,7,1989,57.2
22,7,1990,57.6
22,7,1991,58
22,7,1992,58.5
22,7,1993,58.9
22,7,1994,59.4
22,7,1995,59.8
22,7,1996,60.2
22,7,1997,60.6
22,7,1998,61
22,7,1999,61.4
22,7,2000,61.8
22,7,2001,62.2
22,7,2002,62.6
22,7,2003,62.9
22,7,2004,63.3
22,7,2005,63.7
22,7,2006,64
22,7,2007,64.4
22,7,2008,64.7
22,7,2009,65
22,7,2010,65.4
22,7,2011,65.7
22,7,2012,66
22,7,2013,66.3
22,7,2014,66.6
22,7,2015,66.9
22,6,1960,41.2
22,6,1961,41.8
22,6,1962,42.4
22,6,1963,43
22,6,1964,43.7
22,6,1965,44.3
22,6,1966,45
22,6,1967,45.7
22,6,1968,46.4
22,6,1969,47
22,6,1970,47.7
22,6,1971,48.4
22,6,1972,49.1
22,6,1973,49.8
22,6,1974,50.4
22,6,1975,51.1
22,6,1976,51.7
22,6,1977,52.3
22,6,1978,52.9
22,6,1979,53.4
22,6,1980,53.9
22,6,1981,54.3
22,6,1982,54.8
22,6,1983,55.1
22,6,1984,55.5
22,6,1985,55.9
22,6,1986,56.2
22,6,1987,56.6
22,6,1988,57
22,6,1989,57.5
22,6,1990,58
22,6,1991,58.5
22,6,1992,59
22,6,1993,59.5
22,6,1994,60
22,6,1995,60.5
22,6,1996,60.9
22,6,1997,61.4
22,6,1998,61.8
22,6,1999,62.3
22,6,2000,62.6
22,6,2001,63
22,6,2002,63.4
22,6,2003,63.8
22,6,2004,64.1
22,6,2005,64.5
22,6,2006,64.9
22,6,2007,65.3
22,6,2008,65.7
22,6,2009,66.1
22,6,2010,66.5
22,6,2011,66.9
22,6,2012,67.3
22,6,2013,67.7
22,6,2014,68
22,6,2015,68.3
22,8,1960,40.4
22,8,1961,41
22,8,1962,41.7
22,8,1963,42.3
22,8,1964,43
22,8,1965,43.6
22,8,1966,44.3
22,8,1967,45
22,8,1968,45.7
22,8,1969,46.4
22,8,1970,47.2
22,8,1971,47.9
22,8,1972,48.6
22,8,1973,49.4
22,8,1974,50.1
22,8,1975,50.8
22,8,1976,51.5
22,8,1977,52.2
22,8,1978,52.8
22,8,1979,53.4
22,8,1980,54
22,8,1981,54.5
22,8,1982,54.9
22,8,1983,55.3
22,8,1984,55.7
22,8,1985,56
22,8,1986,56.4
22,8,1987,56.8
22,8,1988,57.3
22,8,1989,57.8
22,8,1990,58.3
22,8,1991,58.8
22,8,1992,59.4
22,8,1993,60
22,8,1994,60.6
22,8,1995,61.1
22,8,1996,61.6
22,8,1997,62.1
22,8,1998,62.6
22,8,1999,63.1
22,8,2000,63.5
22,8,2001,63.9
22,8,2002,64.3
22,8,2003,64.7
22,8,2004,65
22,8,2005,65.4
22,8,2006,65.8
22,8,2007,66.3
22,8,2008,66.8
22,8,2009,67.2
22,8,2010,67.7
22,8,2011,68.2
22,8,2012,68.7
22,8,2013,69.1
22,8,2014,69.5
22,8,2015,69.9
21,7,1960,47.3
21,7,1961,47.9
21,7,1962,48.6
21,7,1963,49.2
21,7,1964,49.8
21,7,1965,50.4
21,7,1966,51
21,7,1967,51.6
21,7,1968,52.2
21,7,1969,52.8
21,7,1970,53.4
21,7,1971,54
21,7,1972,54.5
21,7,1973,55.1
21,7,1974,55.6
21,7,1975,56.1
21,7,1976,56.6
21,7,1977,57.1
21,7,1978,57.6
21,7,1979,58
21,7,1980,58.5
21,7,1981,58.9
21,7,1982,59.3
21,7,1983,59.7
21,7,1984,60
21,7,1985,60.3
21,7,1986,60.6
21,7,1987,60.9
21,7,1988,61.2
21,7,1989,61.5
21,7,1990,61.9
21,7,1991,62.2
21,7,1992,62.5
21,7,1993,62.9
21,7,1994,63.2
21,7,1995,63.5
21,7,1996,63.8
21,7,1997,64
21,7,1998,64.2
21,7,1999,64.4
21,7,2000,64.6
21,7,2001,64.7
21,7,2002,64.8
21,7,2003,65
21,7,2004,65.1
21,7,2005,65.2
21,7,2006,65.4
21,7,2007,65.6
21,7,2008,65.7
21,7,2009,65.9
21,7,2010,66.1
21,7,2011,66.3
21,7,2012,66.5
21,7,2013,66.7
21,7,2014,66.9
21,7,2015,67
21,6,1960,48.7
21,6,1961,49.3
21,6,1962,49.9
21,6,1963,50.5
21,6,1964,51.1
21,6,1965,51.7
21,6,1966,52.3
21,6,1967,52.9
21,6,1968,53.4
21,6,1969,54
21,6,1970,54.6
21,6,1971,55.1
21,6,1972,55.7
21,6,1973,56.2
21,6,1974,56.8
21,6,1975,57.3
21,6,1976,57.8
21,6,1977,58.3
21,6,1978,58.7
21,6,1979,59.2
21,6,1980,59.6
21,6,1981,60.1
21,6,1982,60.5
21,6,1983,60.9
21,6,1984,61.2
21,6,1985,61.6
21,6,1986,61.9
21,6,1987,62.3
21,6,1988,62.6
21,6,1989,62.9
21,6,1990,63.3
21,6,1991,63.7
21,6,1992,64
21,6,1993,64.4
21,6,1994,64.7
21,6,1995,65
21,6,1996,65.3
21,6,1997,65.6
21,6,1998,65.9
21,6,1999,66.1
21,6,2000,66.2
21,6,2001,66.4
21,6,2002,66.6
21,6,2003,66.8
21,6,2004,67
21,6,2005,67.2
21,6,2006,67.4
21,6,2007,67.6
21,6,2008,67.8
21,6,2009,68
21,6,2010,68.1
21,6,2011,68.3
21,6,2012,68.5
21,6,2013,68.7
21,6,2014,68.9
21,6,2015,69.1
21,8,1960,50.1
21,8,1961,50.7
21,8,1962,51.3
21,8,1963,51.8
21,8,1964,52.4
21,8,1965,53
21,8,1966,53.5
21,8,1967,54.1
21,8,1968,54.6
21,8,1969,55.2
21,8,1970,55.7
21,8,1971,56.3
21,8,1972,56.8
21,8,1973,57.4
21,8,1974,57.9
21,8,1975,58.4
21,8,1976,58.9
21,8,1977,59.4
21,8,1978,59.9
21,8,1979,60.3
21,8,1980,60.8
21,8,1981,61.2
21,8,1982,61.6
21,8,1983,62
21,8,1984,62.4
21,8,1985,62.8
21,8,1986,63.2
21,8,1987,63.6
21,8,1988,64
21,8,1989,64.4
21,8,1990,64.7
21,8,1991,65.1
21,8,1992,65.5
21,8,1993,65.9
21,8,1994,66.2
21,8,1995,66.6
21,8,1996,66.9
21,8,1997,67.2
21,8,1998,67.5
21,8,1999,67.8
21,8,2000,68
21,8,2001,68.2
21,8,2002,68.5
21,8,2003,68.7
21,8,2004,69
21,8,2005,69.2
21,8,2006,69.4
21,8,2007,69.7
21,8,2008,69.9
21,8,2009,70.1
21,8,2010,70.3
21,8,2011,70.5
21,8,2012,70.6
21,8,2013,70.8
21,8,2014,71
21,8,2015,71.2
25,7,1971,70.1
25,7,1972,70.1
25,7,1973,70.2
25,7,1974,70.1
25,7,1975,70.3
25,7,1976,71.2
25,7,1977,71.3
25,7,1978,71.5
25,7,1979,71.8
25,7,1980,72.1
25,7,1981,72.7
25,7,1982,72.5
25,7,1983,72.8
25,7,1984,73.1
25,7,1985,73.5
25,7,1986,73.2
25,7,1987,73.6
25,7,1988,73.9
25,7,1989,74.6
25,7,1990,74.9
25,7,1991,75.1
25,7,1992,74.7
25,7,1993,75.3
25,7,1994,75.5
25,7,1995,75.5
25,7,1996,76.3
25,7,1997,76
25,7,1998,76.1
25,7,1999,76.6
25,7,2000,76.7
25,7,2001,77.3
25,7,2002,77.5
25,7,2003,77.6
25,7,2004,78
25,7,2005,78.2
25,7,2006,78.7
25,7,2007,78.7
25,7,2008,79
25,7,2009,79.6
25,7,2010,79.7
25,7,2011,79.9
25,7,2012,79.9
25,7,2013,80.3
25,7,2014,80.3
25,7,2015,80.1
25,6,1971,71.8
25,6,1972,71.5
25,6,1973,71.7
25,6,1974,71.7
25,6,1975,72.1
25,6,1976,73
25,6,1977,73
25,6,1978,73.3
25,6,1979,73.6
25,6,1980,73.9
25,6,1981,74.3
25,6,1982,74.2
25,6,1983,74.5
25,6,1984,74.9
25,6,1985,75.3
25,6,1986,75
25,6,1987,75.3
25,6,1988,75.7
25,6,1989,76.4
25,6,1990,76.7
25,6,1991,76.8
25,6,1992,76.6
25,6,1993,77.2
25,6,1994,77.5
25,6,1995,77.5
25,6,1996,78.2
25,6,1997,78.1
25,6,1998,78.2
25,6,1999,78.5
25,6,2000,78.8
25,6,2001,79.3
25,6,2002,79.5
25,6,2003,79.7
25,6,2004,80.2
25,6,2005,80.2
25,6,2006,80.6
25,6,2007,80.6
25,6,2008,81
25,6,2009,81.5
25,6,2010,81.7
25,6,2011,81.7
25,6,2012,81.8
25,6,2013,82.1
25,6,2014,82.2
25,6,2015,82.1
25,8,1971,73.4
25,8,1972,72.8
25,8,1973,73.2
25,8,1974,73.3
25,8,1975,73.9
25,8,1976,74.8
25,8,1977,74.7
25,8,1978,75
25,8,1979,75.3
25,8,1980,75.7
25,8,1981,75.9
25,8,1982,75.8
25,8,1983,76.2
25,8,1984,76.6
25,8,1985,77
25,8,1986,76.8
25,8,1987,77
25,8,1988,77.5
25,8,1989,78.1
25,8,1990,78.4
25,8,1991,78.5
25,8,1992,78.4
25,8,1993,79.1
25,8,1994,79.4
25,8,1995,79.5
25,8,1996,80
25,8,1997,80.1
25,8,1998,80.3
25,8,1999,80.4
25,8,2000,80.9
25,8,2001,81.2
25,8,2002,81.5
25,8,2003,81.8
25,8,2004,82.4
25,8,2005,82.2
25,8,2006,82.5
25,8,2007,82.4
25,8,2008,83
25,8,2009,83.3
25,8,2010,83.6
25,8,2011,83.5
25,8,2012,83.6
25,8,2013,83.9
25,8,2014,84.1
25,8,2015,84.1
38,7,1960,62.1
38,7,1961,62.6
38,7,1962,63
38,7,1963,63.2
38,7,1964,63.4
38,7,1965,63.4
38,7,1966,63.4
38,7,1967,63.4
38,7,1968,63.3
38,7,1969,63.2
38,7,1970,63.1
38,7,1971,63.2
38,7,1972,63.3
38,7,1973,63.3
38,7,1974,63.1
38,7,1975,62.5
38,7,1976,62.2
38,7,1977,61.8
38,7,1978,61.8
38,7,1979,61.5
38,7,1980,61.4
38,7,1981,61.6
38,7,1982,62.3
38,7,1983,62.2
38,7,1984,61.7
38,7,1985,62.7
38,7,1986,64.8
38,7,1987,64.8
38,7,1988,64.6
38,7,1989,64.2
38,7,1990,63.7
38,7,1991,63.4
38,7,1992,61.9
38,7,1993,58.8
38,7,1994,57.4
38,7,1995,58.1
38,7,1996,59.6
38,7,1997,60.9
38,7,1998,61.2
38,7,1999,59.9
38,7,2000,59
38,7,2001,58.9
38,7,2002,58.7
38,7,2003,58.5
38,7,2004,58.9
38,7,2005,58.9
38,7,2006,60.4
38,7,2007,61.5
38,7,2008,61.9
38,7,2009,62.9
38,7,2010,63.1
38,7,2011,64
38,7,2012,64.6
38,7,2013,65.1
38,7,2014,65.3
38,7,2015,65.9
38,6,1960,66.2
38,6,1961,66.7
38,6,1962,67.1
38,6,1963,67.4
38,6,1964,67.7
38,6,1965,67.8
38,6,1966,67.9
38,6,1967,68
38,6,1968,68
38,6,1969,68
38,6,1970,68.3
38,6,1971,68.5
38,6,1972,68.4
38,6,1973,68.4
38,6,1974,68.5
38,6,1975,67.9
38,6,1976,67.6
38,6,1977,67.5
38,6,1978,67.5
38,6,1979,67.3
38,6,1980,67.2
38,6,1981,67.4
38,6,1982,68
38,6,1983,67.8
38,6,1984,67.3
38,6,1985,68
38,6,1986,69.5
38,6,1987,69.6
38,6,1988,69.6
38,6,1989,69.3
38,6,1990,69
38,6,1991,68.8
38,6,1992,67.8
38,6,1993,65.3
38,6,1994,64.3
38,6,1995,64.9
38,6,1996,66
38,6,1997,66.9
38,6,1998,67.2
38,6,1999,66.1
38,6,2000,65.7
38,6,2001,65.6
38,6,2002,65.3
38,6,2003,65.2
38,6,2004,65.6
38,6,2005,65.7
38,6,2006,66.9
38,6,2007,67.7
38,6,2008,68.1
38,6,2009,68.8
38,6,2010,69
38,6,2011,69.8
38,6,2012,70.2
38,6,2013,70.7
38,6,2014,70.9
38,6,2015,71.3
38,8,1960,70.2
38,8,1961,70.8
38,8,1962,71.3
38,8,1963,71.7
38,8,1964,72
38,8,1965,72.2
38,8,1966,72.4
38,8,1967,72.6
38,8,1968,72.7
38,8,1969,72.8
38,8,1970,73.4
38,8,1971,73.8
38,8,1972,73.6
38,8,1973,73.6
38,8,1974,73.8
38,8,1975,73.2
38,8,1976,73.1
38,8,1977,73.2
38,8,1978,73.2
38,8,1979,73
38,8,1980,73
38,8,1981,73.2
38,8,1982,73.6
38,8,1983,73.4
38,8,1984,73
38,8,1985,73.2
38,8,1986,74.2
38,8,1987,74.3
38,8,1988,74.5
38,8,1989,74.4
38,8,1990,74.3
38,8,1991,74.2
38,8,1992,73.7
38,8,1993,71.8
38,8,1994,71.1
38,8,1995,71.6
38,8,1996,72.4
38,8,1997,72.8
38,8,1998,73.1
38,8,1999,72.4
38,8,2000,72.3
38,8,2001,72.2
38,8,2002,71.9
38,8,2003,71.9
38,8,2004,72.4
38,8,2005,72.5
38,8,2006,73.3
38,8,2007,74
38,8,2008,74.3
38,8,2009,74.8
38,8,2010,74.9
38,8,2011,75.6
38,8,2012,75.9
38,8,2013,76.3
38,8,2014,76.5
38,8,2015,76.7
40,7,1970,65
40,7,1982,67
40,7,1983,66.9
40,7,1984,67.3
40,7,1985,67.7
40,7,1986,68.4
40,7,1987,68.2
40,7,1988,68.9
40,7,1989,69.3
40,7,1990,69.8
40,7,1991,69.5
40,7,1992,69.6
40,7,1993,69.4
40,7,1994,70.1
40,7,1995,70.8
40,7,1996,71.1
40,7,1997,71.1
40,7,1998,71.3
40,7,1999,71.8
40,7,2000,72.2
40,7,2001,72.3
40,7,2002,72.6
40,7,2003,72.5
40,7,2004,73.5
40,7,2005,73.9
40,7,2006,74.5
40,7,2007,74.6
40,7,2008,75.5
40,7,2009,75.9
40,7,2010,76.4
40,7,2011,76.8
40,7,2012,77.1
40,7,2013,77.2
40,7,2014,78.2
40,7,2015,77.8
40,6,1970,68.7
40,6,1982,71.2
40,6,1983,71
40,6,1984,71.4
40,6,1985,71.9
40,6,1986,72.4
40,6,1987,72.4
40,6,1988,73
40,6,1989,73.4
40,6,1990,73.8
40,6,1991,73.5
40,6,1992,73.6
40,6,1993,73.5
40,6,1994,74
40,6,1995,74.7
40,6,1996,75.1
40,6,1997,75.1
40,6,1998,75.3
40,6,1999,75.7
40,6,2000,76.1
40,6,2001,76.4
40,6,2002,76.6
40,6,2003,76.4
40,6,2004,77.2
40,6,2005,77.4
40,6,2006,78.3
40,6,2007,78.3
40,6,2008,79.1
40,6,2009,79.3
40,6,2010,79.8
40,6,2011,80.1
40,6,2012,80.2
40,6,2013,80.4
40,6,2014,81.2
40,6,2015,80.9
40,8,1970,72.4
40,8,1982,75.3
40,8,1983,75
40,8,1984,75.4
40,8,1985,76
40,8,1986,76.4
40,8,1987,76.5
40,8,1988,77
40,8,1989,77.5
40,8,1990,77.8
40,8,1991,77.5
40,8,1992,77.6
40,8,1993,77.6
40,8,1994,77.8
40,8,1995,78.5
40,8,1996,79
40,8,1997,79.1
40,8,1998,79.2
40,8,1999,79.5
40,8,2000,79.9
40,8,2001,80.4
40,8,2002,80.5
40,8,2003,80.3
40,8,2004,80.8
40,8,2005,80.9
40,8,2006,82
40,8,2007,82
40,8,2008,82.6
40,8,2009,82.7
40,8,2010,83.1
40,8,2011,83.3
40,8,2012,83.3
40,8,2013,83.6
40,8,2014,84.1
40,8,2015,83.9
44,7,1960,47.3
44,7,1961,47.6
44,7,1962,47.9
44,7,1963,48.2
44,7,1964,48.5
44,7,1965,48.8
44,7,1966,49.1
44,7,1967,49.4
44,7,1968,49.7
44,7,1969,50
44,7,1970,50.3
44,7,1971,50.5
44,7,1972,50.8
44,7,1973,51.1
44,7,1974,51.4
44,7,1975,51.7
44,7,1976,52
44,7,1977,52.4
44,7,1978,52.8
44,7,1979,53.2
44,7,1980,53.7
44,7,1981,54.3
44,7,1982,54.8
44,7,1983,55.4
44,7,1984,55.9
44,7,1985,56.4
44,7,1986,56.9
44,7,1987,57.4
44,7,1988,57.8
44,7,1989,58.2
44,7,1990,58.5
44,7,1991,58.7
44,7,1992,58.8
44,7,1993,58.7
44,7,1994,58.5
44,7,1995,58.2
44,7,1996,57.6
44,7,1997,56.8
44,7,1998,55.8
44,7,1999,54.8
44,7,2000,53.7
44,7,2001,52.7
44,7,2002,51.8
44,7,2003,51.1
44,7,2004,50.5
44,7,2005,50.3
44,7,2006,50.4
44,7,2007,50.7
44,7,2008,51.3
44,7,2009,52
44,7,2010,52.7
44,7,2011,53.5
44,7,2012,54.2
44,7,2013,54.7
44,7,2014,55.2
44,7,2015,55.5
44,6,1960,49.1
44,6,1961,49.5
44,6,1962,49.9
44,6,1963,50.3
44,6,1964,50.6
44,6,1965,51
44,6,1966,51.4
44,6,1967,51.8
44,6,1968,52.2
44,6,1969,52.6
44,6,1970,52.9
44,6,1971,53.3
44,6,1972,53.6
44,6,1973,53.9
44,6,1974,54.3
44,6,1975,54.7
44,6,1976,55.1
44,6,1977,55.5
44,6,1978,56
44,6,1979,56.5
44,6,1980,57.1
44,6,1981,57.7
44,6,1982,58.3
44,6,1983,58.9
44,6,1984,59.4
44,6,1985,60
44,6,1986,60.5
44,6,1987,61.1
44,6,1988,61.5
44,6,1989,61.9
44,6,1990,62.2
44,6,1991,62.4
44,6,1992,62.4
44,6,1993,62.3
44,6,1994,62
44,6,1995,61.5
44,6,1996,60.7
44,6,1997,59.7
44,6,1998,58.5
44,6,1999,57.2
44,6,2000,55.8
44,6,2001,54.6
44,6,2002,53.4
44,6,2003,52.5
44,6,2004,51.9
44,6,2005,51.6
44,6,2006,51.6
44,6,2007,52
44,6,2008,52.6
44,6,2009,53.5
44,6,2010,54.4
44,6,2011,55.3
44,6,2012,56.1
44,6,2013,56.7
44,6,2014,57.2
44,6,2015,57.4
44,8,1960,50.8
44,8,1961,51.3
44,8,1962,51.8
44,8,1963,52.3
44,8,1964,52.8
44,8,1965,53.3
44,8,1966,53.8
44,8,1967,54.3
44,8,1968,54.7
44,8,1969,55.1
44,8,1970,55.6
44,8,1971,56
44,8,1972,56.4
44,8,1973,56.8
44,8,1974,57.2
44,8,1975,57.6
44,8,1976,58.1
44,8,1977,58.6
44,8,1978,59.2
44,8,1979,59.8
44,8,1980,60.4
44,8,1981,61
44,8,1982,61.7
44,8,1983,62.3
44,8,1984,63
44,8,1985,63.6
44,8,1986,64.2
44,8,1987,64.7
44,8,1988,65.2
44,8,1989,65.6
44,8,1990,65.9
44,8,1991,66.1
44,8,1992,66.1
44,8,1993,65.8
44,8,1994,65.4
44,8,1995,64.8
44,8,1996,63.8
44,8,1997,62.6
44,8,1998,61.2
44,8,1999,59.6
44,8,2000,58
44,8,2001,56.5
44,8,2002,55.2
44,8,2003,54.1
44,8,2004,53.3
44,8,2005,52.9
44,8,2006,52.9
44,8,2007,53.3
44,8,2008,54.1
44,8,2009,55.1
44,8,2010,56.1
44,8,2011,57.2
44,8,2012,58.1
44,8,2013,58.8
44,8,2014,59.3
44,8,2015,59.5
9,7,1960,55
9,7,1961,55.6
9,7,1962,56.1
9,7,1963,56.5
9,7,1964,57
9,7,1965,57.4
9,7,1966,57.8
9,7,1967,58.1
9,7,1968,58.4
9,7,1969,58.7
9,7,1970,59
9,7,1971,59.3
9,7,1972,59.6
9,7,1973,59.9
9,7,1974,60.3
9,7,1975,60.7
9,7,1976,61.1
9,7,1977,61.5
9,7,1978,62
9,7,1979,62.4
9,7,1980,62.8
9,7,1981,63.1
9,7,1982,63.5
9,7,1983,63.7
9,7,1984,64
9,7,1985,64.2
9,7,1986,64.3
9,7,1987,64.4
9,7,1988,64.4
9,7,1989,64.4
9,7,1990,64.4
9,7,1991,64.5
9,7,1992,64.6
9,7,1993,64.8
9,7,1994,65.1
9,7,1995,65.4
9,7,1996,65.8
9,7,1997,66.2
9,7,1998,66.6
9,7,1999,67
9,7,2000,67.3
9,7,2001,67.6
9,7,2002,67.9
9,7,2003,68.2
9,7,2004,68.4
9,7,2005,68.7
9,7,2006,68.9
9,7,2007,69.1
9,7,2008,69.3
9,7,2009,69.5
9,7,2010,69.7
9,7,2011,69.9
9,7,2012,70.1
9,7,2013,70.3
9,7,2014,70.5
9,7,2015,70.7
9,6,1960,56.8
9,6,1961,57.3
9,6,1962,57.8
9,6,1963,58.2
9,6,1964,58.7
9,6,1965,59.1
9,6,1966,59.5
9,6,1967,59.9
9,6,1968,60.2
9,6,1969,60.6
9,6,1970,60.9
9,6,1971,61.3
9,6,1972,61.6
9,6,1973,62
9,6,1974,62.4
9,6,1975,62.8
9,6,1976,63.3
9,6,1977,63.8
9,6,1978,64.4
9,6,1979,65
9,6,1980,65.6
9,6,1981,66.1
9,6,1982,66.6
9,6,1983,67
9,6,1984,67.4
9,6,1985,67.7
9,6,1986,67.9
9,6,1987,68
9,6,1988,68.2
9,6,1989,68.3
9,6,1990,68.4
9,6,1991,68.6
9,6,1992,68.7
9,6,1993,69
9,6,1994,69.2
9,6,1995,69.5
9,6,1996,69.9
9,6,1997,70.2
9,6,1998,70.5
9,6,1999,70.8
9,6,2000,71
9,6,2001,71.3
9,6,2002,71.5
9,6,2003,71.8
9,6,2004,72
9,6,2005,72.3
9,6,2006,72.5
9,6,2007,72.7
9,6,2008,72.9
9,6,2009,73.1
9,6,2010,73.3
9,6,2011,73.5
9,6,2012,73.6
9,6,2013,73.8
9,6,2014,74
9,6,2015,74.2
9,8,1960,58.5
9,8,1961,59
9,8,1962,59.5
9,8,1963,60
9,8,1964,60.4
9,8,1965,60.8
9,8,1966,61.2
9,8,1967,61.6
9,8,1968,62
9,8,1969,62.4
9,8,1970,62.8
9,8,1971,63.2
9,8,1972,63.6
9,8,1973,64
9,8,1974,64.4
9,8,1975,64.9
9,8,1976,65.5
9,8,1977,66.1
9,8,1978,66.8
9,8,1979,67.5
9,8,1980,68.3
9,8,1981,69.1
9,8,1982,69.7
9,8,1983,70.3
9,8,1984,70.8
9,8,1985,71.2
9,8,1986,71.4
9,8,1987,71.7
9,8,1988,71.9
9,8,1989,72.1
9,8,1990,72.4
9,8,1991,72.6
9,8,1992,72.9
9,8,1993,73.1
9,8,1994,73.4
9,8,1995,73.6
9,8,1996,73.9
9,8,1997,74.1
9,8,1998,74.3
9,8,1999,74.6
9,8,2000,74.8
9,8,2001,75.1
9,8,2002,75.3
9,8,2003,75.6
9,8,2004,75.8
9,8,2005,76
9,8,2006,76.3
9,8,2007,76.5
9,8,2008,76.7
9,8,2009,76.9
9,8,2010,77
9,8,2011,77.2
9,8,2012,77.3
9,8,2013,77.5
9,8,2014,77.7
9,8,2015,77.8
31,7,2002,64.4
31,7,2003,65.3
31,7,2004,65.6
31,7,2005,64.9
31,7,2006,65
31,7,2007,65.3
31,7,2008,66.5
31,7,2009,67.5
31,7,2010,67.9
31,7,2011,68.6
31,7,2012,68.9
31,7,2013,69.3
31,7,2014,69.1
31,7,2015,69.7
31,6,2002,70.1
31,6,2003,70.5
31,6,2004,70.8
31,6,2005,70.6
31,6,2006,70.6
31,6,2007,70.8
31,6,2008,72
31,6,2009,72.6
31,6,2010,73
31,6,2011,73.7
31,6,2012,73.9
31,6,2013,74.1
31,6,2014,74.3
31,6,2015,74.6
31,8,2002,75.8
31,8,2003,75.7
31,8,2004,76
31,8,2005,76.3
31,8,2006,76.1
31,8,2007,76.2
31,8,2008,77.5
31,8,2009,77.7
31,8,2010,78
31,8,2011,78.8
31,8,2012,78.9
31,8,2013,78.9
31,8,2014,79.4
31,8,2015,79.5
29,7,1970,66.8
29,7,1971,67.6
29,7,1972,66.9
29,7,1973,67.3
29,7,1974,67.1
29,7,1975,66.4
29,7,1976,66.3
29,7,1977,66.2
29,7,1978,66
29,7,1979,65.5
29,7,1980,65.4
29,7,1981,65.3
29,7,1982,65.7
29,7,1983,65.7
29,7,1984,65.1
29,7,1985,65.6
29,7,1986,67.8
29,7,1987,67.6
29,7,1988,67.4
29,7,1989,66.9
29,7,1990,66.4
29,7,1991,65.1
29,7,1992,64.8
29,7,1993,63.1
29,7,1994,62.5
29,7,1995,63.3
29,7,1996,64.6
29,7,1997,65.5
29,7,1998,66
29,7,1999,66.3
29,7,2000,66.7
29,7,2001,65.9
29,7,2002,66.1
29,7,2003,66.4
29,7,2004,66.2
29,7,2005,65.2
29,7,2006,65
29,7,2007,64.5
29,7,2008,65.9
29,7,2009,67.1
29,7,2010,67.6
29,7,2011,68.1
29,7,2012,68.4
29,7,2013,68.5
29,7,2014,69.2
29,7,2015,69.2
29,6,1970,70.9
29,6,1971,71.9
29,6,1972,71.2
29,6,1973,71.5
29,6,1974,71.4
29,6,1975,71
29,6,1976,71
29,6,1977,70.9
29,6,1978,70.6
29,6,1979,70.5
29,6,1980,70.4
29,6,1981,70.4
29,6,1982,70.8
29,6,1983,70.7
29,6,1984,70.2
29,6,1985,70.5
29,6,1986,72.1
29,6,1987,72
29,6,1988,71.9
29,6,1989,71.6
29,6,1990,71.4
29,6,1991,70.6
29,6,1992,70.4
29,6,1993,69.1
29,6,1994,68.7
29,6,1995,69.2
29,6,1996,70.3
29,6,1997,71.1
29,6,1998,71.4
29,6,1999,71.7
29,6,2000,72.1
29,6,2001,71.7
29,6,2002,71.8
29,6,2003,72.1
29,6,2004,72
29,6,2005,71.3
29,6,2006,71.1
29,6,2007,70.9
29,6,2008,71.8
29,6,2009,72.9
29,6,2010,73.3
29,6,2011,73.7
29,6,2012,74
29,6,2013,74.1
29,6,2014,74.7
29,6,2015,74.5
29,8,1970,75
29,8,1971,76.1
29,8,1972,75.4
29,8,1973,75.6
29,8,1974,75.7
29,8,1975,75.5
29,8,1976,75.7
29,8,1977,75.5
29,8,1978,75.2
29,8,1979,75.4
29,8,1980,75.4
29,8,1981,75.4
29,8,1982,75.8
29,8,1983,75.7
29,8,1984,75.3
29,8,1985,75.3
29,8,1986,76.4
29,8,1987,76.3
29,8,1988,76.3
29,8,1989,76.3
29,8,1990,76.3
29,8,1991,76
29,8,1992,76
29,8,1993,75
29,8,1994,74.9
29,8,1995,75.1
29,8,1996,75.9
29,8,1997,76.6
29,8,1998,76.7
29,8,1999,77
29,8,2000,77.4
29,8,2001,77.4
29,8,2002,77.4
29,8,2003,77.7
29,8,2004,77.7
29,8,2005,77.4
29,8,2006,77.1
29,8,2007,77.2
29,8,2008,77.6
29,8,2009,78.7
29,8,2010,78.9
29,8,2011,79.3
29,8,2012,79.6
29,8,2013,79.6
29,8,2014,80.1
29,8,2015,79.7
10,7,1960,59.2
10,7,1961,59.9
10,7,1962,60.6
10,7,1963,61.3
10,7,1964,61.9
10,7,1965,62.4
10,7,1966,62.9
10,7,1967,63.4
10,7,1968,63.8
10,7,1969,64.2
10,7,1970,64.7
10,7,1971,65.1
10,7,1972,65.5
10,7,1973,66
10,7,1974,66.5
10,7,1975,67
10,7,1976,67.5
10,7,1977,68
10,7,1978,68.6
10,7,1979,69.1
10,7,1980,69.6
10,7,1981,70.2
10,7,1982,70.6
10,7,1983,71.1
10,7,1984,71.5
10,7,1985,71.8
10,7,1986,72.1
10,7,1987,72.4
10,7,1988,72.7
10,7,1989,72.9
10,7,1990,73.1
10,7,1991,73.3
10,7,1992,73.5
10,7,1993,73.7
10,7,1994,74
10,7,1995,74.2
10,7,1996,74.4
10,7,1997,74.6
10,7,1998,74.8
10,7,1999,75
10,7,2000,75.1
10,7,2001,75.3
10,7,2002,75.4
10,7,2003,75.6
10,7,2004,75.7
10,7,2005,75.8
10,7,2006,75.9
10,7,2007,76
10,7,2008,76.1
10,7,2009,76.2
10,7,2010,76.3
10,7,2011,76.5
10,7,2012,76.6
10,7,2013,76.8
10,7,2014,77
10,7,2015,77.2
10,6,1960,60.6
10,6,1961,61.3
10,6,1962,62
10,6,1963,62.7
10,6,1964,63.3
10,6,1965,63.9
10,6,1966,64.5
10,6,1967,65
10,6,1968,65.5
10,6,1969,66
10,6,1970,66.5
10,6,1971,67
10,6,1972,67.5
10,6,1973,68.1
10,6,1974,68.6
10,6,1975,69.2
10,6,1976,69.8
10,6,1977,70.4
10,6,1978,71
10,6,1979,71.6
10,6,1980,72.2
10,6,1981,72.8
10,6,1982,73.3
10,6,1983,73.8
10,6,1984,74.2
10,6,1985,74.5
10,6,1986,74.8
10,6,1987,75.1
10,6,1988,75.3
10,6,1989,75.5
10,6,1990,75.7
10,6,1991,75.9
10,6,1992,76.1
10,6,1993,76.3
10,6,1994,76.4
10,6,1995,76.6
10,6,1996,76.8
10,6,1997,77
10,6,1998,77.2
10,6,1999,77.3
10,6,2000,77.4
10,6,2001,77.6
10,6,2002,77.7
10,6,2003,77.8
10,6,2004,78
10,6,2005,78.1
10,6,2006,78.2
10,6,2007,78.3
10,6,2008,78.5
10,6,2009,78.6
10,6,2010,78.7
10,6,2011,78.9
10,6,2012,79.1
10,6,2013,79.2
10,6,2014,79.4
10,6,2015,79.6
10,8,1960,62
10,8,1961,62.7
10,8,1962,63.4
10,8,1963,64.1
10,8,1964,64.8
10,8,1965,65.4
10,8,1966,66
10,8,1967,66.6
10,8,1968,67.2
10,8,1969,67.8
10,8,1970,68.3
10,8,1971,68.9
10,8,1972,69.5
10,8,1973,70.1
10,8,1974,70.8
10,8,1975,71.4
10,8,1976,72
10,8,1977,72.7
10,8,1978,73.4
10,8,1979,74.1
10,8,1980,74.7
10,8,1981,75.4
10,8,1982,75.9
10,8,1983,76.4
10,8,1984,76.9
10,8,1985,77.2
10,8,1986,77.5
10,8,1987,77.8
10,8,1988,78
10,8,1989,78.2
10,8,1990,78.3
10,8,1991,78.5
10,8,1992,78.6
10,8,1993,78.8
10,8,1994,78.9
10,8,1995,79.1
10,8,1996,79.2
10,8,1997,79.4
10,8,1998,79.5
10,8,1999,79.7
10,8,2000,79.8
10,8,2001,80
10,8,2002,80.1
10,8,2003,80.2
10,8,2004,80.4
10,8,2005,80.5
10,8,2006,80.6
10,8,2007,80.8
10,8,2008,80.9
10,8,2009,81.1
10,8,2010,81.3
10,8,2011,81.4
10,8,2012,81.6
10,8,2013,81.8
10,8,2014,81.9
10,8,2015,82.1
